-- phpMyAdmin SQL Dump
-- version 4.9.1
-- https://www.phpmyadmin.net/
--
-- Host: localhost:3306
-- Generation Time: Jun 08, 2020 at 07:21 AM
-- Server version: 8.0.18
-- PHP Version: 7.3.11

SET SQL_MODE = "NO_AUTO_VALUE_ON_ZERO";
SET AUTOCOMMIT = 0;
START TRANSACTION;
SET time_zone = "+00:00";


/*!40101 SET @OLD_CHARACTER_SET_CLIENT=@@CHARACTER_SET_CLIENT */;
/*!40101 SET @OLD_CHARACTER_SET_RESULTS=@@CHARACTER_SET_RESULTS */;
/*!40101 SET @OLD_COLLATION_CONNECTION=@@COLLATION_CONNECTION */;
/*!40101 SET NAMES utf8mb4 */;

--
-- Database: `startupclerk`
--

-- --------------------------------------------------------

--
-- Table structure for table `accounts`
--

CREATE TABLE `accounts` (
  `id` bigint(20) UNSIGNED NOT NULL,
  `account_name` varchar(191) CHARACTER SET utf8mb4 COLLATE utf8mb4_unicode_ci NOT NULL,
  `type_id` int(11) NOT NULL,
  `code` int(11) NOT NULL,
  `parent_id` varchar(191) CHARACTER SET utf8mb4 COLLATE utf8mb4_unicode_ci NOT NULL,
  `user_id` int(11) DEFAULT NULL,
  `entity_type` varchar(191) COLLATE utf8mb4_unicode_ci NOT NULL,
  `created_at` timestamp NULL DEFAULT NULL,
  `updated_at` timestamp NULL DEFAULT NULL
) ENGINE=InnoDB DEFAULT CHARSET=utf8mb4 COLLATE=utf8mb4_unicode_ci;

--
-- Dumping data for table `accounts`
--

INSERT INTO `accounts` (`id`, `account_name`, `type_id`, `code`, `parent_id`, `user_id`, `entity_type`, `created_at`, `updated_at`) VALUES
(1, 'Cash', 5, 53132, '6', NULL, '', '2019-11-29 15:54:51', '2019-11-25 15:54:51'),
(2, 'Account Receivable', 5, 23232, '4', NULL, 'Debit', '2019-11-25 15:54:51', '2019-11-25 15:54:51'),
(3, 'Supplies', 5, 91343, '2', NULL, '', '2019-11-25 15:54:51', '2019-11-25 15:54:51'),
(4, 'Opening Inventory', 5, 43323, '5', NULL, 'Debit', '2019-11-25 15:54:51', '2019-11-25 15:54:51'),
(5, 'Prepaid Expense', 5, 74423, '8', NULL, 'Debit', '2019-11-25 15:54:51', '2019-11-25 15:54:51'),
(6, 'Long term Investment', 4, 81243, '7', NULL, '', '2019-11-25 15:54:51', '2019-11-25 15:54:51'),
(7, 'Property, Plant & Equipment', 4, 11123, '2', NULL, 'Debit', '2019-11-25 15:54:51', '2019-11-25 15:54:51'),
(9, 'Salaries Payable', 2, 33222, '2', NULL, 'Credit', '2019-11-25 15:54:51', '2019-11-25 15:54:51'),
(10, 'Sale Tax Payable', 2, 123212, '3', NULL, 'Credit', '2019-12-03 08:00:00', '2019-12-03 08:00:00'),
(11, 'Accrued Expenses', 2, 43212, '3', NULL, 'Credit', '2019-12-03 08:00:00', '2019-12-03 08:00:00'),
(12, 'Long Term Loan', 1, 45323, '3', NULL, 'Credit', '2019-12-03 08:00:00', '2019-12-03 08:00:00'),
(13, 'Owner\'s Equity', 7, 76545, '6', NULL, '', '2019-12-03 08:00:00', '2019-12-03 08:00:00'),
(14, 'Sales Revenue', 3, 3234321, '6', NULL, 'Credit', '2019-12-03 08:00:00', '2019-12-03 08:00:00'),
(15, 'Service Revenue', 3, 3212343, '7', NULL, 'Credit', '2019-12-03 08:00:00', '2019-12-03 08:00:00'),
(16, 'Advertising', 6, 642332, '4', NULL, 'Debit', '2019-12-03 08:00:00', '2019-12-03 08:00:00'),
(17, 'Cost of Sales', 6, 678544, '4', NULL, 'Debit', '2019-12-03 08:00:00', '2019-12-03 08:00:00'),
(18, 'Salaries and wages', 6, 643564, '', NULL, '', '2019-12-03 08:00:00', '2019-12-03 08:00:00'),
(19, 'Interest expense', 6, 6986423, '', NULL, '', '2019-12-03 08:00:00', '2019-12-03 08:00:00'),
(20, 'Sales of Budget', 4, 543534, '3', NULL, '', '2019-12-06 20:31:37', '2019-12-06 20:31:37'),
(22, 'Bank checking account', 5, 100, '3', 1, 'Debit', '2020-05-23 14:51:16', '2020-05-23 14:51:16'),
(23, 'Bank savings account', 5, 110, '3', 1, 'Debit', '2020-05-23 14:51:51', '2020-05-23 14:51:51'),
(24, 'Online savings account', 5, 120, '3', 1, 'Debit', '2020-05-23 14:52:29', '2020-05-23 14:52:29'),
(25, 'Petty cash account', 5, 130, '3', 1, 'Debit', '2020-05-23 14:52:55', '2020-05-23 14:52:55'),
(26, 'Paypal account', 5, 140, '3', 1, 'Debit', '2020-05-23 14:53:21', '2020-05-23 14:53:21'),
(27, 'Short term marketable securities', 5, 200, '3', 1, 'Debit', '2020-05-23 14:53:43', '2020-05-23 14:53:43'),
(28, 'Allowance for doubtful debts account', 5, 310, '3', 1, 'Credit', '2020-05-23 14:54:28', '2020-05-23 14:54:28'),
(29, 'Raw materials', 5, 400, '3', 1, 'Debit', '2020-05-23 14:56:19', '2020-05-23 14:56:19'),
(30, 'Work in progress', 5, 410, '3', 1, 'Debit', '2020-05-23 14:56:41', '2020-05-23 14:56:41'),
(31, 'Finished goods', 5, 420, '3', 1, 'Debit', '2020-05-23 14:58:18', '2020-05-23 14:58:18'),
(32, 'Long term marketable securities', 4, 600, '3', 1, 'Debit', '2020-05-23 15:01:19', '2020-05-23 15:01:19'),
(33, 'Property Depreciation', 4, 710, '3', 1, 'Credit', '2020-05-23 15:01:52', '2020-05-23 15:01:52'),
(34, 'Intellectual property', 4, 810, '3', 1, 'Debit', '2020-05-23 15:02:29', '2020-05-23 15:02:29'),
(35, 'Intellectual property amortization', 4, 820, '3', 1, 'Credit', '2020-05-23 15:03:01', '2020-05-23 15:03:01'),
(36, 'Notes payable', 2, 900, '3', 1, 'Credit', '2020-05-23 15:03:37', '2020-05-23 15:03:37'),
(37, 'Interest payable', 2, 1110, '3', 1, 'Credit', '2020-05-23 15:04:19', '2020-05-23 15:04:19'),
(38, 'Purchase Tax payable', 2, 1150, '3', 1, 'Credit', '2020-05-23 15:04:50', '2020-05-23 15:04:50'),
(39, 'Payroll tax payable', 2, 1160, '3', 1, 'Credit', '2020-05-23 15:05:11', '2020-05-23 15:05:11'),
(40, 'Income tax payable', 2, 1170, '3', 1, 'Credit', '2020-05-23 15:05:33', '2020-05-23 15:05:33'),
(41, 'Retained earnings', 7, 1400, '3', 1, 'Credit', '2020-05-23 15:06:26', '2020-05-23 15:06:26'),
(42, 'Bonds payable', 1, 1210, '3', 1, 'Credit', '2020-05-23 15:07:03', '2020-05-23 15:07:03'),
(43, 'Research and development', 6, 2300, '3', 1, 'Debit', '2020-05-23 15:08:26', '2020-05-23 15:08:26'),
(44, 'Sales commissions', 6, 2240, '3', 1, 'Debit', '2020-05-23 15:08:53', '2020-05-23 15:08:53'),
(45, 'Sales promotion', 6, 2410, '3', 1, 'Debit', '2020-05-23 15:09:29', '2020-05-23 15:09:29'),
(46, 'Gifts & samples', 6, 2430, '3', 1, 'Debit', '2020-05-23 15:10:11', '2020-05-23 15:10:11'),
(47, 'Marketing expenses', 6, 2440, '3', 1, 'Debit', '2020-05-23 15:11:01', '2020-05-23 15:11:01'),
(48, 'Payroll', 6, 2500, '3', 1, 'Debit', '2020-05-23 15:11:33', '2020-05-23 15:11:33'),
(49, 'Payroll expenses', 6, 2510, '3', 1, 'Debit', '2020-05-23 15:11:58', '2020-05-23 15:11:58'),
(50, 'Payroll benefits', 6, 2530, '3', 1, 'Debit', '2020-05-23 15:13:04', '2020-05-23 15:13:04'),
(51, 'Payroll taxes', 6, 2540, '3', 1, 'Debit', '2020-05-23 15:13:27', '2020-05-23 15:13:27'),
(52, 'Pensions', 6, 2570, '3', 1, 'Debit', '2020-05-23 15:13:51', '2020-05-23 15:13:51'),
(53, 'Recruitment expenses', 6, 2580, '3', 1, 'Debit', '2020-05-23 15:14:36', '2020-05-23 15:14:36'),
(54, 'Rent', 6, 2620, '3', 1, 'Debit', '2020-05-23 15:15:00', '2020-05-23 15:15:00');

-- --------------------------------------------------------

--
-- Table structure for table `account_types`
--

CREATE TABLE `account_types` (
  `id` bigint(20) UNSIGNED NOT NULL,
  `name` varchar(191) CHARACTER SET utf8mb4 COLLATE utf8mb4_unicode_ci NOT NULL,
  `created_at` timestamp NULL DEFAULT NULL,
  `updated_at` timestamp NULL DEFAULT NULL
) ENGINE=InnoDB DEFAULT CHARSET=utf8mb4 COLLATE=utf8mb4_unicode_ci;

--
-- Dumping data for table `account_types`
--

INSERT INTO `account_types` (`id`, `name`, `created_at`, `updated_at`) VALUES
(1, 'Non-Current Liabilities', '2019-11-25 15:54:51', '2019-11-25 15:54:51'),
(2, 'Current Liabilities', '2019-11-25 15:54:51', '2019-11-25 15:54:51'),
(3, 'Revenue', '2019-11-25 15:54:51', '2019-11-25 15:54:51'),
(4, 'Non-Current Assets', '2019-11-25 15:54:51', '2019-11-25 15:54:51'),
(5, 'Current Assets', '2019-11-25 15:54:51', '2019-11-25 15:54:51'),
(6, 'Expense', '2019-11-25 15:54:51', '2019-11-25 15:54:51'),
(7, 'Equity', '2019-11-25 15:54:51', '2019-11-25 15:54:51');

-- --------------------------------------------------------

--
-- Table structure for table `audit_trails`
--

CREATE TABLE `audit_trails` (
  `id` bigint(20) UNSIGNED NOT NULL,
  `model` varchar(191) CHARACTER SET utf8mb4 COLLATE utf8mb4_unicode_ci NOT NULL,
  `user_id` int(11) NOT NULL,
  `businessAccount_id` int(11) NOT NULL,
  `action` varchar(191) CHARACTER SET utf8mb4 COLLATE utf8mb4_unicode_ci NOT NULL,
  `comment` text CHARACTER SET utf8mb4 COLLATE utf8mb4_unicode_ci NOT NULL,
  `created_at` timestamp NULL DEFAULT NULL,
  `updated_at` timestamp NULL DEFAULT NULL
) ENGINE=InnoDB DEFAULT CHARSET=utf8mb4 COLLATE=utf8mb4_unicode_ci;

-- --------------------------------------------------------

--
-- Table structure for table `businessaccounts`
--

CREATE TABLE `businessaccounts` (
  `id` bigint(20) UNSIGNED NOT NULL,
  `business_id` int(11) NOT NULL,
  `account_id` int(11) NOT NULL,
  `price` int(11) NOT NULL,
  `created_at` timestamp NULL DEFAULT NULL,
  `updated_at` timestamp NULL DEFAULT NULL
) ENGINE=InnoDB DEFAULT CHARSET=utf8mb4 COLLATE=utf8mb4_unicode_ci;

-- --------------------------------------------------------

--
-- Table structure for table `businesses`
--

CREATE TABLE `businesses` (
  `id` bigint(20) UNSIGNED NOT NULL,
  `user_id` int(11) NOT NULL,
  `name` varchar(191) CHARACTER SET utf8mb4 COLLATE utf8mb4_unicode_ci NOT NULL,
  `company_logo` varchar(191) CHARACTER SET utf8mb4 COLLATE utf8mb4_unicode_ci NOT NULL,
  `address` varchar(191) CHARACTER SET utf8mb4 COLLATE utf8mb4_unicode_ci NOT NULL,
  `phone` varchar(191) CHARACTER SET utf8mb4 COLLATE utf8mb4_unicode_ci NOT NULL,
  `email` varchar(191) CHARACTER SET utf8mb4 COLLATE utf8mb4_unicode_ci DEFAULT NULL,
  `website` varchar(191) CHARACTER SET utf8mb4 COLLATE utf8mb4_unicode_ci DEFAULT NULL,
  `category` varchar(191) CHARACTER SET utf8mb4 COLLATE utf8mb4_unicode_ci NOT NULL,
  `founders` varchar(191) CHARACTER SET utf8mb4 COLLATE utf8mb4_unicode_ci NOT NULL,
  `members` varchar(191) CHARACTER SET utf8mb4 COLLATE utf8mb4_unicode_ci NOT NULL,
  `description` text CHARACTER SET utf8mb4 COLLATE utf8mb4_unicode_ci NOT NULL,
  `business_code` varchar(191) CHARACTER SET utf8mb4 COLLATE utf8mb4_unicode_ci NOT NULL,
  `created_at` timestamp NULL DEFAULT NULL,
  `updated_at` timestamp NULL DEFAULT NULL
) ENGINE=InnoDB DEFAULT CHARSET=utf8mb4 COLLATE=utf8mb4_unicode_ci;

--
-- Dumping data for table `businesses`
--

INSERT INTO `businesses` (`id`, `user_id`, `name`, `company_logo`, `address`, `phone`, `email`, `website`, `category`, `founders`, `members`, `description`, `business_code`, `created_at`, `updated_at`) VALUES
(1, 1, 'Tadec Computer!', 'miQfWVnZ1EfE3EUMZxwQUGEpM6kGcP34ooT0RuVJ.png', 'shdjshd', '09082544787', 'eshowoeblim@gmail.com', 'www.tadec.com', 'Aviation & Aerospace', 'Samson', '2', 'jul', 'DHXGF4LHUQ', '2019-11-25 15:58:07', '2020-05-23 16:20:28'),
(25, 42, 'Hyzikjay', 'no-avatar.jpg', '13, new Jerusalem street', '07035857047', 'hyzikjay01@gmail.com', 'Hyzikjay.com', 'Accounting', 'Isaac adewuyi', 'Medium', 'Professional body', 'CRZHHHIPCT', '2020-01-17 11:52:21', '2020-01-17 11:52:21'),
(26, 43, 'Petrong Software Solutions', 'kmEhVw0oywPVP3kpfPnlAvyuCmHdyqHjBtitCpsI.png', '1, Eshowogafor Street, Alaso', '08063757632', 'eshowoeblim@gmail.com', 'http://www.petrongsoftware.com', 'Aviation & Aerospace', 'Peter', '22', 'petrong', 'HTT4GOJTZU', '2020-01-17 13:39:27', '2020-01-17 13:39:27'),
(27, 44, 'GIC', 'SnBcpk895OlbfwYF4FuLhCUgHyHIOaIPHlpNGJsQ.jpeg', '24, Toyin Lampty Street, Alaso.', '09024771719', 'dave107373@gmail.com', 'www.petrongsoftware.com', 'Aviation & Aerospace', 'Jude', '5', 'Production of girl’s dress', 'B9Y6QML3ES', '2020-01-17 20:46:51', '2020-01-17 20:46:51'),
(28, 48, 'Edisiere Farms and Fish Hatchery', 'no-avatar.jpg', '14 Eseme Udoaka St.', '08186147154', 'farmbizonline@gmail.com', 'Nil', 'Accounting', 'Effiom Hogan', '8', 'Fish hatchery, fish farm, poultry and vegetables farm', 'GSOZUD1V8M', '2020-01-19 19:05:16', '2020-01-19 19:05:16'),
(29, 50, 'Gracie\'s hair culture', 'no-avatar.jpg', 'Toyin Lampty street Alaso alimosho Lagos State', '08165489319', 'petergrace1996@gmail.com', 'Nill', 'Apparel & Fashion', 'Peter Grace', '1', 'Hair salon', 'HAELD5WDJF', '2020-02-26 19:28:56', '2020-02-26 19:28:56'),
(30, 51, 'Joshua', 'tF46LYbjigLdTqkEky1YRGuTOe8IKSVfyVSNxJ2B.jpeg', 'hbkj gujhfdvhjbvds', '02886322', 'joshuaadetunbi@gmail.com', 'fwefefefefe', 'Accounting', 'wfwfwsfw,wdwdwdw', '3', 'dwdwdwdwdwwwd', 'LZOG7TY9EF', '2020-03-02 08:00:59', '2020-03-02 08:00:59'),
(31, 52, 'Hyzikjay', 'no-avatar.jpg', '13, New Jerusalem Streeet', '07035857047', 'hyzikjay01@gmail.com', 'www.hyzikjay.com', 'Accounting', 'Isaac Adewuyi', '2', 'welcome to Hyzikjay', 'Y2CZCVJAFM', '2020-03-03 11:00:25', '2020-03-03 11:00:25'),
(32, 53, 'Test', 'H2M1aRcCAIZVrmJRdliee9nOaYjXXkmothwejfSe.png', '13 folorun', '+23490825447482', 'testking@gmail.com', 'testking', 'Judiciary', 'Men, Boys', '2', 'we test kings', 'VH4CUSYUSW', '2020-03-04 09:43:54', '2020-03-04 09:43:54'),
(33, 55, 'jide', 'no-avatar.jpg', 'jide', '08066289557', 'francollimassociates@gmail.com', 'www.test.com', 'Accounting', 'jide', '2', 'test', 'XF98UFTN5X', '2020-03-04 11:02:08', '2020-03-04 11:02:08'),
(34, 56, 'Henry ENterprise', 'yg1GwztKnkaBbhahXgI49Ug6iJy0M5u5lpqgNOBL.png', '13, folorun', '+200098766', 'egin419@yahoo.com', 'testrun.web.com', 'Accounting', 'Samson, John', '2', 'We run a tech enterprise', '6D0OP7P0C9', '2020-03-26 19:10:59', '2020-03-26 19:10:59');

-- --------------------------------------------------------

--
-- Table structure for table `client_ledger`
--

CREATE TABLE `client_ledger` (
  `id` bigint(20) UNSIGNED NOT NULL,
  `businessAccount_id` int(11) NOT NULL,
  `account_id` int(11) NOT NULL,
  `balance` int(11) NOT NULL,
  `created_at` timestamp NULL DEFAULT NULL,
  `updated_at` timestamp NULL DEFAULT NULL
) ENGINE=InnoDB DEFAULT CHARSET=utf8mb4 COLLATE=utf8mb4_unicode_ci;

--
-- Dumping data for table `client_ledger`
--

INSERT INTO `client_ledger` (`id`, `businessAccount_id`, `account_id`, `balance`, `created_at`, `updated_at`) VALUES
(40, 1, 1, 2236658, '2019-12-03 18:11:22', '2019-12-03 18:11:22'),
(41, 1, 13, 100, '2019-12-03 18:11:22', '2019-12-03 18:11:22'),
(42, 1, 1, 2236658, '2019-12-03 18:11:40', '2019-12-03 18:11:40'),
(43, 1, 12, 200, '2019-12-03 18:11:40', '2019-12-03 18:11:40'),
(44, 1, 7, 30, '2019-12-03 18:12:02', '2019-12-03 18:12:02'),
(45, 1, 1, 2236658, '2019-12-03 18:12:02', '2019-12-03 18:12:02'),
(46, 1, 3, 50, '2019-12-03 18:17:52', '2019-12-03 18:17:52'),
(47, 1, 8, 50, '2019-12-03 18:17:52', '2019-12-03 18:17:52'),
(54, 1, 1, 2236658, '2019-12-03 21:30:24', '2019-12-03 21:30:24'),
(55, 1, 15, 150, '2019-12-03 21:30:24', '2019-12-03 21:30:24'),
(56, 1, 17, 25, '2019-12-03 21:32:00', '2019-12-03 21:32:00'),
(57, 1, 3, 25, '2019-12-03 21:32:00', '2019-12-03 21:32:00'),
(71, 17, 11, 3000, '2020-01-06 12:35:24', '2020-01-06 12:35:24'),
(72, 17, 18, 3000, '2020-01-06 12:35:24', '2020-01-06 12:35:24'),
(73, 16, 1, 324455, '2020-01-06 13:01:42', '2020-01-06 13:01:42'),
(74, 16, 1, 0, '2020-01-06 13:01:42', '2020-01-06 13:01:42'),
(75, 22, 1, 10999, '2020-01-15 20:17:37', '2020-01-15 20:17:37'),
(76, 22, 1, 0, '2020-01-15 20:17:37', '2020-01-15 20:17:37'),
(77, 29, 1, 1500, '2020-02-26 19:36:15', '2020-02-26 19:36:15'),
(78, 29, 4, 1500, '2020-02-26 19:36:15', '2020-02-26 19:36:15'),
(79, 29, 4, 3500, '2020-02-26 19:37:47', '2020-02-26 19:37:47'),
(80, 29, 1, -500, '2020-02-26 19:37:47', '2020-02-26 19:37:47'),
(81, 30, 1, 20000, '2020-03-02 08:13:39', '2020-03-02 08:13:39'),
(82, 30, 14, 20000, '2020-03-02 08:13:39', '2020-03-02 08:13:39'),
(83, 31, 1, 0, '2020-03-03 11:26:23', '2020-03-03 11:26:23'),
(84, 31, 1, 0, '2020-03-03 11:27:07', '2020-03-03 11:27:07'),
(85, 26, 4, 10000, '2020-03-03 17:23:07', '2020-03-03 17:23:07'),
(86, 26, 1, 10000, '2020-03-03 17:23:07', '2020-03-03 17:23:07'),
(87, 33, 4, 334, '2020-03-04 11:13:30', '2020-03-04 11:13:30'),
(88, 33, 1, 334, '2020-03-04 11:13:30', '2020-03-04 11:13:30'),
(89, 33, 3, 897, '2020-03-04 11:14:51', '2020-03-04 11:14:51'),
(90, 33, 19, 897, '2020-03-04 11:14:51', '2020-03-04 11:14:51'),
(91, 1, 16, 20, '2020-04-04 10:50:34', '2020-04-04 10:50:34'),
(92, 1, 1, 2236658, '2020-04-04 10:50:34', '2020-04-04 10:50:34'),
(93, 34, 1, 100, '2020-04-04 13:03:50', '2020-04-04 13:03:50'),
(94, 34, 1, 0, '2020-04-04 13:03:50', '2020-04-04 13:03:50'),
(95, 34, 1, 200, '2020-04-04 13:04:50', '2020-04-04 13:04:50'),
(96, 34, 2, 200, '2020-04-04 13:04:50', '2020-04-04 13:04:50'),
(97, 34, 2, 400, '2020-04-05 07:20:36', '2020-04-05 07:20:36'),
(98, 34, 10, 200, '2020-04-05 07:20:36', '2020-04-05 07:20:36'),
(99, 34, 13, 200, '2020-04-05 07:27:26', '2020-04-05 07:27:26'),
(100, 34, 2, 200, '2020-04-05 07:27:27', '2020-04-05 07:27:27'),
(101, 34, 1, 440, '2020-04-05 07:51:14', '2020-04-05 07:51:14'),
(102, 34, 15, 240, '2020-04-05 07:51:14', '2020-04-05 07:51:14'),
(103, 34, 1, 680, '2020-04-05 07:53:01', '2020-04-05 07:53:01'),
(104, 34, 15, 480, '2020-04-05 07:53:01', '2020-04-05 07:53:01'),
(105, 34, 1, 800, '2020-04-05 07:57:54', '2020-04-05 07:57:54'),
(106, 34, 15, 600, '2020-04-05 07:57:54', '2020-04-05 07:57:54'),
(107, 34, 1, 1400, '2020-04-05 07:57:55', '2020-04-05 07:57:55'),
(108, 34, 15, 1200, '2020-04-05 07:57:55', '2020-04-05 07:57:55'),
(109, 1, 1, 2236658, '2020-04-11 18:40:32', '2020-04-11 18:40:32'),
(110, 1, 15, 594, '2020-04-11 18:40:32', '2020-04-11 18:40:32'),
(111, 1, 1, 2236658, '2020-04-11 19:22:32', '2020-04-11 19:22:32'),
(112, 1, 15, 705, '2020-04-11 19:22:33', '2020-04-11 19:22:33'),
(113, 1, 1, 2236658, '2020-04-11 19:24:15', '2020-04-11 19:24:15'),
(114, 1, 15, 927, '2020-04-11 19:24:15', '2020-04-11 19:24:15'),
(115, 1, 1, 2236658, '2020-04-11 19:24:55', '2020-04-11 19:24:55'),
(116, 1, 15, 1149, '2020-04-11 19:24:55', '2020-04-11 19:24:55'),
(117, 1, 1, 2236658, '2020-04-11 19:25:34', '2020-04-11 19:25:34'),
(118, 1, 15, 1371, '2020-04-11 19:25:35', '2020-04-11 19:25:35'),
(119, 1, 1, 2236658, '2020-04-11 19:28:38', '2020-04-11 19:28:38'),
(120, 1, 15, 1815, '2020-04-11 19:28:38', '2020-04-11 19:28:38'),
(121, 1, 1, 2236658, '2020-04-11 19:35:05', '2020-04-11 19:35:05'),
(122, 1, 15, 2259, '2020-04-11 19:35:05', '2020-04-11 19:35:05'),
(123, 1, 1, 2236658, '2020-04-11 19:35:54', '2020-04-11 19:35:54'),
(124, 1, 15, 2703, '2020-04-11 19:35:54', '2020-04-11 19:35:54'),
(125, 1, 1, 2236658, '2020-04-11 19:38:41', '2020-04-11 19:38:41'),
(126, 1, 15, 3147, '2020-04-11 19:38:41', '2020-04-11 19:38:41'),
(127, 1, 1, 2236658, '2020-04-11 19:39:54', '2020-04-11 19:39:54'),
(128, 1, 15, 3591, '2020-04-11 19:39:54', '2020-04-11 19:39:54'),
(129, 1, 1, 2236658, '2020-04-11 19:40:36', '2020-04-11 19:40:36'),
(130, 1, 15, 4035, '2020-04-11 19:40:36', '2020-04-11 19:40:36'),
(131, 1, 1, 2236658, '2020-04-11 19:41:32', '2020-04-11 19:41:32'),
(132, 1, 15, 4479, '2020-04-11 19:41:32', '2020-04-11 19:41:32'),
(133, 1, 1, 2236658, '2020-04-11 19:41:57', '2020-04-11 19:41:57'),
(134, 1, 15, 4968, '2020-04-11 19:41:57', '2020-04-11 19:41:57'),
(135, 1, 1, 2236658, '2020-04-11 19:43:33', '2020-04-11 19:43:33'),
(136, 1, 15, 9412, '2020-04-11 19:43:34', '2020-04-11 19:43:34'),
(137, 1, 1, 2236658, '2020-04-11 19:44:09', '2020-04-11 19:44:09'),
(138, 1, 15, 9968, '2020-04-11 19:44:09', '2020-04-11 19:44:09'),
(139, 1, 1, 2236658, '2020-04-12 17:15:36', '2020-04-12 17:15:36'),
(140, 1, 2, 200, '2020-04-12 17:15:36', '2020-04-12 17:15:36'),
(141, 1, 1, 2236658, '2020-04-12 17:20:15', '2020-04-12 17:20:15'),
(142, 1, 15, 2232188, '2020-04-12 17:20:15', '2020-04-12 17:20:15'),
(143, 1, 1, 2236658, '2020-04-18 20:55:25', '2020-04-18 20:55:25'),
(144, 1, 2, -3800, '2020-04-18 20:55:25', '2020-04-18 20:55:25'),
(145, 34, 1, 11400, '2020-05-01 14:30:30', '2020-05-01 14:30:30'),
(146, 34, 15, 11200, '2020-05-01 14:30:31', '2020-05-01 14:30:31'),
(147, 34, 1, 13400, '2020-05-01 14:31:11', '2020-05-01 14:31:11'),
(148, 34, 15, 13200, '2020-05-01 14:31:11', '2020-05-01 14:31:11'),
(149, 34, 1, 17400, '2020-05-01 14:44:50', '2020-05-01 14:44:50'),
(150, 34, 15, 17200, '2020-05-01 14:44:50', '2020-05-01 14:44:50'),
(151, 1, 1, 2236658, '2020-05-02 09:53:44', '2020-05-02 09:53:44'),
(152, 1, 8, 70, '2020-05-02 09:53:44', '2020-05-02 09:53:44'),
(153, 1, 1, 2236658, '2020-05-02 09:58:30', '2020-05-02 09:58:30'),
(154, 1, 1, 2240658, '2020-05-03 21:52:14', '2020-05-03 21:52:14'),
(155, 1, 2, -7800, '2020-05-03 21:52:14', '2020-05-03 21:52:14'),
(156, 1, 1, 2241058, '2020-05-03 21:57:19', '2020-05-03 21:57:19'),
(157, 1, 2, -8200, '2020-05-03 21:57:20', '2020-05-03 21:57:20');

-- --------------------------------------------------------

--
-- Table structure for table `contact_us`
--

CREATE TABLE `contact_us` (
  `id` bigint(20) UNSIGNED NOT NULL,
  `name` varchar(191) CHARACTER SET utf8mb4 COLLATE utf8mb4_unicode_ci NOT NULL,
  `email` varchar(191) CHARACTER SET utf8mb4 COLLATE utf8mb4_unicode_ci NOT NULL,
  `url` varchar(191) CHARACTER SET utf8mb4 COLLATE utf8mb4_unicode_ci NOT NULL,
  `message` text CHARACTER SET utf8mb4 COLLATE utf8mb4_unicode_ci NOT NULL,
  `created_at` timestamp NULL DEFAULT NULL,
  `updated_at` timestamp NULL DEFAULT NULL
) ENGINE=InnoDB DEFAULT CHARSET=utf8mb4 COLLATE=utf8mb4_unicode_ci;

--
-- Dumping data for table `contact_us`
--

INSERT INTO `contact_us` (`id`, `name`, `email`, `url`, `message`, `created_at`, `updated_at`) VALUES
(1, 'precious', 'preciousgoodies19@gmail.com', 'https://www.yfyg.com', 'yudvyKFy', '2019-12-16 11:24:10', '2019-12-16 11:24:10'),
(2, 'Daniel Peterson', 'eshowoeblim@gmail.com', 'http://www.petrongsoftware.com', 'Okay', '2020-01-16 21:36:20', '2020-01-16 21:36:20');

-- --------------------------------------------------------

--
-- Table structure for table `customers`
--

CREATE TABLE `customers` (
  `id` bigint(20) UNSIGNED NOT NULL,
  `business_id` int(11) NOT NULL,
  `business_name` varchar(191) CHARACTER SET utf8mb4 COLLATE utf8mb4_unicode_ci NOT NULL,
  `first_name` varchar(191) CHARACTER SET utf8mb4 COLLATE utf8mb4_unicode_ci NOT NULL,
  `last_name` varchar(191) CHARACTER SET utf8mb4 COLLATE utf8mb4_unicode_ci NOT NULL,
  `email` varchar(191) CHARACTER SET utf8mb4 COLLATE utf8mb4_unicode_ci NOT NULL,
  `address` text CHARACTER SET utf8mb4 COLLATE utf8mb4_unicode_ci NOT NULL,
  `city` varchar(191) CHARACTER SET utf8mb4 COLLATE utf8mb4_unicode_ci NOT NULL,
  `tel` varchar(191) CHARACTER SET utf8mb4 COLLATE utf8mb4_unicode_ci NOT NULL,
  `state` varchar(191) CHARACTER SET utf8mb4 COLLATE utf8mb4_unicode_ci NOT NULL,
  `created_at` timestamp NULL DEFAULT NULL,
  `updated_at` timestamp NULL DEFAULT NULL
) ENGINE=InnoDB DEFAULT CHARSET=utf8mb4 COLLATE=utf8mb4_unicode_ci;

--
-- Dumping data for table `customers`
--

INSERT INTO `customers` (`id`, `business_id`, `business_name`, `first_name`, `last_name`, `email`, `address`, `city`, `tel`, `state`, `created_at`, `updated_at`) VALUES
(1, 1, 'Samzon', 'Adesanoye', 'Samson', 'test222@test.com', 'Everyday in life', 'Ayobo', '1234756876', 'Lagos', '2019-11-29 19:20:10', '2020-05-23 16:59:59'),
(2, 1, 'Samzon', 'Olakunle', 'Samuel', 'test4@test.com', 'No 12, Bonlale', 'Ayobo', '45654', 'Lagos', '2019-11-29 19:20:21', '2019-11-29 19:20:21'),
(3, 15, 'Upwrites', 'Precious', 'Udoh', 'preciousgoodies19@gmail.com', 'Johnson Oruoghor Street, Alagbado.', 'Lagos', '08145642667', 'Outside US', '2020-01-06 12:28:41', '2020-01-06 12:28:41'),
(4, 18, 'Hyzikjay Software solutions', 'Isaac', 'ayomide', 'hyzikjay01@gmail.com', '13, new jerusalem street, Alaso, Alagbado, Lagos', 'alagbado', '07035857047', 'lagos', '2020-01-06 12:31:40', '2020-01-06 12:31:40'),
(5, 16, 'klnm;M\"l/', 'gv bm', 'mb b ,', 'jojnlkhv@gmail.com', 'fgxhmc gjck.v', 'vjv,', 'fchfchjjk', 'ghffjhgvkbkj', '2020-01-06 12:50:12', '2020-01-06 12:50:12'),
(6, 27, 'Nike brand', 'Obi', 'Brown', 'beautyworld@gmail.com', '25 Allen avenue', 'Ikeja', '09024771719', 'Lagos', '2020-02-26 21:29:54', '2020-02-26 21:29:54'),
(7, 31, 'petrong', 'isaac', 'ayomide', 'hyzikjay02@gmail.com', '13, New Jerusalem Street', 'Lagos', '07035857047', 'Lagos', '2020-03-03 11:23:24', '2020-03-03 11:23:24'),
(8, 33, 'asdf', 'fsdf', 'dsa', 'francollimassociates@gmail.com', '5, Balogun Street, Agungi Lekki, Lagosz', 'Lekki', '08066289557', 'Lagos', '2020-03-04 11:05:55', '2020-03-04 11:05:55'),
(9, 1, 'John Mark', 'John', 'Mark', 'adesanoye.samson1@gmail.com', 'WE treat john', 'Mark', '+2349076432', 'We have public state', '2020-03-24 15:31:57', '2020-03-24 15:31:57'),
(10, 34, 'Tadec', 'Adesanoye', 'Taye', 'egin2k3@gmail.com', '13, folorunsh', 'Lagos', '+23432383', 'Lagos', '2020-03-26 19:14:43', '2020-03-26 19:14:43');

-- --------------------------------------------------------

--
-- Table structure for table `invoices`
--

CREATE TABLE `invoices` (
  `id` bigint(20) UNSIGNED NOT NULL,
  `business_id` int(11) NOT NULL,
  `user_id` int(11) NOT NULL,
  `customer_id` int(11) NOT NULL,
  `invoice_no` varchar(191) CHARACTER SET utf8mb4 COLLATE utf8mb4_unicode_ci NOT NULL,
  `invoice_date` varchar(191) CHARACTER SET utf8mb4 COLLATE utf8mb4_unicode_ci NOT NULL,
  `due_date` varchar(191) CHARACTER SET utf8mb4 COLLATE utf8mb4_unicode_ci DEFAULT NULL,
  `description` text CHARACTER SET utf8mb4 COLLATE utf8mb4_unicode_ci,
  `discount` text CHARACTER SET utf8mb4 COLLATE utf8mb4_unicode_ci,
  `vat` varchar(191) COLLATE utf8mb4_unicode_ci NOT NULL,
  `created_at` timestamp NULL DEFAULT NULL,
  `updated_at` timestamp NULL DEFAULT NULL
) ENGINE=InnoDB DEFAULT CHARSET=utf8mb4 COLLATE=utf8mb4_unicode_ci;

--
-- Dumping data for table `invoices`
--

INSERT INTO `invoices` (`id`, `business_id`, `user_id`, `customer_id`, `invoice_no`, `invoice_date`, `due_date`, `description`, `discount`, `vat`, `created_at`, `updated_at`) VALUES
(1, 1, 1, 1, 'INV-00800', '12/20/2019', '12/20/2019', 'ok', '9', '', '2019-12-20 15:21:44', '2019-12-20 15:21:44'),
(2, 1, 1, 1, 'INV-00800', '12/20/2019', '12/20/2019', 'ok', '9', '', '2019-12-20 15:24:57', '2019-12-20 15:24:57'),
(3, 1, 1, 1, 'INV-00800', '12/20/2019', '12/20/2019', 'ok', '9', '', '2019-12-20 15:24:58', '2019-12-20 15:24:58'),
(4, 1, 1, 1, 'INV-00800', '12/20/2019', '12/20/2019', 'ok', '9', '', '2019-12-20 15:25:01', '2019-12-20 15:25:01'),
(5, 33, 55, 8, 'INV-00000', '03/04/2020', '03/04/2020', NULL, '0', '', '2020-03-04 11:07:16', '2020-03-04 11:07:16'),
(6, 33, 55, 8, 'INV-00000', '03/04/2020', '03/04/2020', NULL, '0', '', '2020-03-04 11:07:25', '2020-03-04 11:07:25'),
(7, 33, 55, 8, 'INV-00000', '03/04/2020', '03/04/2020', 'ddff', NULL, '', '2020-03-04 11:08:54', '2020-03-04 11:08:54'),
(8, 33, 55, 8, 'INV-00000', '03/04/2020', '03/04/2020', 'ddff', NULL, '', '2020-03-04 11:08:56', '2020-03-04 11:08:56'),
(9, 33, 55, 8, 'INV-00000', '03/04/2020', '03/04/2020', 'ddff', NULL, '', '2020-03-04 11:08:57', '2020-03-04 11:08:57'),
(10, 33, 55, 8, 'INV-00000', '03/04/2020', '03/04/2020', 'ddff', NULL, '', '2020-03-04 11:08:57', '2020-03-04 11:08:57'),
(11, 33, 55, 8, 'INV-00000', '03/04/2020', '03/04/2020', 'ddff', NULL, '', '2020-03-04 11:09:00', '2020-03-04 11:09:00'),
(12, 33, 55, 8, 'INV-00000', '03/04/2020', '03/04/2020', 'ddff', NULL, '', '2020-03-04 11:09:00', '2020-03-04 11:09:00'),
(13, 33, 55, 8, 'INV-00000', '03/04/2020', '03/04/2020', 'ddff', NULL, '', '2020-03-04 11:09:00', '2020-03-04 11:09:00'),
(14, 33, 55, 8, 'INV-00000', '03/04/2020', '03/04/2020', 'ddff', NULL, '', '2020-03-04 11:09:01', '2020-03-04 11:09:01'),
(15, 33, 55, 8, 'INV-00000', '03/04/2020', '03/04/2020', 'ddff', NULL, '', '2020-03-04 11:09:01', '2020-03-04 11:09:01'),
(16, 33, 55, 8, 'INV-00000', '03/04/2020', '03/04/2020', 'ddff', NULL, '', '2020-03-04 11:09:01', '2020-03-04 11:09:01'),
(17, 33, 55, 8, 'INV-00000', '03/04/2020', '03/04/2020', 'ddff', '1', '', '2020-03-04 11:10:06', '2020-03-04 11:10:06'),
(18, 33, 55, 8, 'INV-00000', '03/04/2020', '03/04/2020', 'ddff', '1', '', '2020-03-04 11:10:07', '2020-03-04 11:10:07'),
(19, 1, 1, 1, 'INV-2A13KGT6AW', '03/24/2020', '03/24/2020', 'suck', '0', '', '2020-03-24 15:39:39', '2020-03-24 15:39:39'),
(20, 1, 1, 1, 'INV-8JAV99KC0H', '03/24/2020', '03/24/2020', 'suck', '0', '', '2020-03-24 15:41:02', '2020-03-24 15:41:02'),
(21, 1, 1, 9, 'INV-TBFNOLBPEN', '03/11/2020', '03/11/2020', 'suck2', '0', '', '2020-03-24 15:44:19', '2020-03-24 15:44:19'),
(22, 1, 1, 1, 'INV-YT44F9CXAT', '03/24/2020', '03/24/2020', 'suck 2', '0', '', '2020-03-24 15:46:09', '2020-03-24 15:46:09'),
(23, 1, 1, 1, 'INV-PIBBKGS1NC', '03/04/2020', '03/09/2020', NULL, '0', '', '2020-03-24 15:49:05', '2020-03-24 15:49:05'),
(24, 1, 1, 1, 'INV-DKO2FWLZ3N', '03/24/2020', '03/24/2020', 'suck', '0', '', '2020-03-24 15:49:55', '2020-03-24 15:49:55'),
(25, 1, 1, 1, 'INV-KWQHNUSEIA', '03/24/2020', '03/24/2020', 'suck', '0', '', '2020-03-24 15:50:22', '2020-03-24 15:50:22'),
(26, 1, 1, 1, 'INV-M00EIXXO8U', '03/24/2020', '03/24/2020', 'suck', '0', '', '2020-03-24 15:50:46', '2020-03-24 15:50:46'),
(27, 34, 56, 10, 'INV-FD9QVVRMI0', '03/26/2020', '03/26/2020', NULL, '0', '', '2020-03-26 19:18:16', '2020-03-26 19:18:16'),
(28, 1, 1, 1, 'INV-ZRYNSYOTVX', '04/03/2020', '04/03/2020', NULL, '0', '', '2020-04-03 09:27:33', '2020-04-03 09:27:33'),
(29, 1, 1, 1, 'INV-ISZCNFBXKH', '04/03/2020', '04/03/2020', NULL, '0', '', '2020-04-03 09:38:14', '2020-04-03 09:38:14'),
(30, 1, 1, 1, 'INV-6BZGMKHU6A', '04/03/2020', '04/03/2020', NULL, '0', '', '2020-04-03 09:46:06', '2020-04-03 09:46:06'),
(31, 1, 1, 1, 'INV-VHQP4RNH0K', '04/03/2020', '04/03/2020', NULL, '0', '', '2020-04-03 09:47:07', '2020-04-03 09:47:07'),
(32, 1, 1, 1, 'INV-BL1L7FKGOX', '04/03/2020', '04/03/2020', NULL, '0', '', '2020-04-03 09:49:53', '2020-04-03 09:49:53'),
(33, 34, 56, 10, 'INV-CQ7LJ6W2VK', '04/05/2020', '04/05/2020', NULL, '0', '', '2020-04-05 07:35:24', '2020-04-05 07:35:24'),
(34, 34, 56, 10, 'INV-510WXO2JIK', '04/05/2020', '04/05/2020', NULL, '0', '', '2020-04-05 07:36:47', '2020-04-05 07:36:47'),
(35, 34, 56, 10, 'INV-ZNQZ1SIMLN', '04/05/2020', '04/05/2020', NULL, '0', '', '2020-04-05 07:37:54', '2020-04-05 07:37:54'),
(36, 34, 56, 10, 'INV-BIODOIR27T', '04/05/2020', '04/05/2020', NULL, '0', '', '2020-04-05 07:38:18', '2020-04-05 07:38:18'),
(37, 34, 56, 10, 'INV-IN48UO2MVU', '04/05/2020', '04/05/2020', NULL, '0', '', '2020-04-05 07:40:34', '2020-04-05 07:40:34'),
(38, 34, 56, 10, 'INV-8ZFWWHBGBL', '04/05/2020', '04/05/2020', NULL, '0', '', '2020-04-05 07:41:20', '2020-04-05 07:41:20'),
(39, 34, 56, 10, 'INV-LA43V1WZJD', '04/05/2020', '04/05/2020', NULL, '0', '', '2020-04-05 07:50:40', '2020-04-05 07:50:40'),
(40, 34, 56, 10, 'INV-AG4ADIPTUH', '04/05/2020', '04/05/2020', NULL, '0', '', '2020-04-05 07:51:13', '2020-04-05 07:51:13'),
(41, 34, 56, 10, 'INV-BVH81GSR7N', '04/05/2020', '04/05/2020', NULL, '0', '', '2020-04-05 07:52:29', '2020-04-05 07:52:29'),
(42, 34, 56, 10, 'INV-TPR3MGIXRS', '04/05/2020', '04/05/2020', NULL, '0', '', '2020-04-05 07:53:00', '2020-04-05 07:53:00'),
(43, 34, 56, 10, 'INV-NA8O4NHOM8', '04/05/2020', '04/05/2020', NULL, '0', '', '2020-04-05 07:57:53', '2020-04-05 07:57:53'),
(44, 1, 1, 1, 'INV-RUB5BHVLXT', '04/11/2020', '04/11/2020', NULL, '0', '', '2020-04-11 18:40:30', '2020-04-11 18:40:30'),
(45, 1, 1, 1, 'INV-FVT7AANTHA', '04/11/2020', '04/11/2020', NULL, '0', '', '2020-04-11 19:14:01', '2020-04-11 19:14:01'),
(46, 1, 1, 1, 'INV-MKZ3VHKC4V', '04/11/2020', '04/11/2020', NULL, '0', '', '2020-04-11 19:20:35', '2020-04-11 19:20:35'),
(47, 1, 1, 1, 'INV-Q9SKNGT3T4', '04/11/2020', '04/11/2020', NULL, '0', '', '2020-04-11 19:20:52', '2020-04-11 19:20:52'),
(48, 1, 1, 1, 'INV-VEHKBNTHCK', '04/11/2020', '04/11/2020', NULL, '0', '', '2020-04-11 19:22:31', '2020-04-11 19:22:31'),
(49, 1, 1, 1, 'INV-TFKIWHW8MU', '04/11/2020', '04/11/2020', NULL, '0', '', '2020-04-11 19:24:14', '2020-04-11 19:24:14'),
(50, 1, 1, 1, 'INV-LSRVMN9THG', '04/11/2020', '04/11/2020', NULL, '0', '', '2020-04-11 19:24:54', '2020-04-11 19:24:54'),
(51, 1, 1, 1, 'INV-VINJRLCAG9', '04/11/2020', '04/11/2020', NULL, '0', '', '2020-04-11 19:25:33', '2020-04-11 19:25:33'),
(52, 1, 1, 1, 'INV-5OJABPMYIW', '04/11/2020', '04/11/2020', NULL, '0', '', '2020-04-11 19:27:44', '2020-04-11 19:27:44'),
(53, 1, 1, 1, 'INV-DWY3NRBPED', '04/11/2020', '04/11/2020', NULL, '0', '', '2020-04-11 19:28:37', '2020-04-11 19:28:37'),
(54, 1, 1, 1, 'INV-X07FGZX9GT', '04/11/2020', '04/11/2020', NULL, '0', '', '2020-04-11 19:35:04', '2020-04-11 19:35:04'),
(55, 1, 1, 1, 'INV-T5FTACXAQY', '04/11/2020', '04/11/2020', NULL, '0', '', '2020-04-11 19:35:53', '2020-04-11 19:35:53'),
(56, 1, 1, 1, 'INV-XGUVXEYWCW', '04/11/2020', '04/11/2020', NULL, '0', '', '2020-04-11 19:38:40', '2020-04-11 19:38:40'),
(57, 1, 1, 1, 'INV-WGHNWGX0XY', '04/11/2020', '04/11/2020', NULL, '0', '', '2020-04-11 19:39:53', '2020-04-11 19:39:53'),
(58, 1, 1, 1, 'INV-PKRQZHRMNU', '04/11/2020', '04/11/2020', NULL, '0', '', '2020-04-11 19:40:35', '2020-04-11 19:40:35'),
(59, 1, 1, 1, 'INV-PV2R7T7GL6', '04/11/2020', '04/11/2020', NULL, '0', '', '2020-04-11 19:41:31', '2020-04-11 19:41:31'),
(60, 1, 1, 1, 'INV-GAP5HWSKTH', '04/11/2020', '04/11/2020', NULL, '0', '', '2020-04-11 19:41:57', '2020-04-11 19:41:57'),
(61, 1, 1, 1, 'INV-PLM8OFGOXU', '04/11/2020', '04/11/2020', NULL, '0', '', '2020-04-11 19:43:32', '2020-04-11 19:43:32'),
(62, 1, 1, 2, 'INV-ITEYWU5PJJ', '04/11/2020', '04/11/2020', NULL, '0', '', '2020-04-11 19:44:08', '2020-04-11 19:44:08'),
(63, 1, 1, 9, 'INV-IJ3HVEIK34', '04/12/2020', '04/12/2020', NULL, '0', '', '2020-04-12 17:15:35', '2020-04-12 17:15:35'),
(64, 1, 1, 2, 'INV-UK2QSCCPFB', '04/12/2020', '04/12/2020', NULL, '0', '', '2020-04-12 17:16:36', '2020-04-12 17:16:36'),
(65, 1, 1, 2, 'INV-R77V484Z7B', '04/12/2020', '04/12/2020', NULL, '0', '', '2020-04-12 17:20:14', '2020-04-12 17:20:14'),
(66, 1, 1, 1, 'INV-BQKMHRW4PR', '04/18/2020', '04/18/2020', 'checking it out', '0', '5', '2020-04-18 20:55:24', '2020-04-18 20:55:24'),
(67, 34, 56, 10, 'INV-5CAPTIXAM7', '05/01/2020', '05/01/2020', NULL, '0', '', '2020-05-01 14:30:29', '2020-05-01 14:30:29'),
(68, 34, 56, 10, 'INV-FLUZ78VDEA', '05/01/2020', '05/01/2020', NULL, '0', '', '2020-05-01 14:31:10', '2020-05-01 14:31:10'),
(69, 34, 56, 11, 'INV-GCI3ZTYVNW', '05/01/2020', '05/01/2020', NULL, '0', '', '2020-05-01 14:44:49', '2020-05-01 14:44:49'),
(70, 1, 1, 1, 'INV-QZN67CKVLY', '05/03/2020', '05/03/2020', NULL, '0', '0', '2020-05-03 21:52:11', '2020-05-03 21:52:11'),
(71, 1, 1, 1, 'INV-O7ALQW8P99', '05/03/2020', '05/03/2020', NULL, '3', '4', '2020-05-03 21:57:18', '2020-05-03 21:57:18');

-- --------------------------------------------------------

--
-- Table structure for table `invoice_transactions`
--

CREATE TABLE `invoice_transactions` (
  `id` bigint(20) UNSIGNED NOT NULL,
  `invoice_id` int(11) NOT NULL,
  `item_id` int(11) NOT NULL,
  `description` text CHARACTER SET utf8mb4 COLLATE utf8mb4_unicode_ci NOT NULL,
  `quantity` double(8,2) NOT NULL,
  `unit_cost` double(8,2) NOT NULL,
  `created_at` timestamp NULL DEFAULT NULL,
  `updated_at` timestamp NULL DEFAULT NULL
) ENGINE=InnoDB DEFAULT CHARSET=utf8mb4 COLLATE=utf8mb4_unicode_ci;

--
-- Dumping data for table `invoice_transactions`
--

INSERT INTO `invoice_transactions` (`id`, `invoice_id`, `item_id`, `description`, `quantity`, `unit_cost`, `created_at`, `updated_at`) VALUES
(1, 1, 1, 'jo', 5.00, 1.00, '2019-12-20 15:21:44', '2019-12-20 15:21:44'),
(2, 2, 1, 'jo', 5.00, 1.00, '2019-12-20 15:24:57', '2019-12-20 15:24:57'),
(3, 3, 1, 'jo', 5.00, 1.00, '2019-12-20 15:24:58', '2019-12-20 15:24:58'),
(4, 4, 1, 'jo', 5.00, 1.00, '2019-12-20 15:25:01', '2019-12-20 15:25:01'),
(5, 5, 6, 'sdas', 2.00, 35353.00, '2020-03-04 11:07:16', '2020-03-04 11:07:16'),
(6, 6, 6, 'sdas', 2.00, 35353.00, '2020-03-04 11:07:25', '2020-03-04 11:07:25'),
(7, 7, 6, 'sdfs', 2.00, 233.00, '2020-03-04 11:08:54', '2020-03-04 11:08:54'),
(8, 8, 6, 'sdfs', 2.00, 233.00, '2020-03-04 11:08:56', '2020-03-04 11:08:56'),
(9, 9, 6, 'sdfs', 2.00, 233.00, '2020-03-04 11:08:57', '2020-03-04 11:08:57'),
(10, 10, 6, 'sdfs', 2.00, 233.00, '2020-03-04 11:08:57', '2020-03-04 11:08:57'),
(11, 11, 6, 'sdfs', 2.00, 233.00, '2020-03-04 11:09:00', '2020-03-04 11:09:00'),
(12, 12, 6, 'sdfs', 2.00, 233.00, '2020-03-04 11:09:00', '2020-03-04 11:09:00'),
(13, 13, 6, 'sdfs', 2.00, 233.00, '2020-03-04 11:09:00', '2020-03-04 11:09:00'),
(14, 14, 6, 'sdfs', 2.00, 233.00, '2020-03-04 11:09:01', '2020-03-04 11:09:01'),
(15, 15, 6, 'sdfs', 2.00, 233.00, '2020-03-04 11:09:01', '2020-03-04 11:09:01'),
(16, 16, 6, 'sdfs', 2.00, 233.00, '2020-03-04 11:09:01', '2020-03-04 11:09:01'),
(17, 17, 6, 'sdfs', 2.00, 233.00, '2020-03-04 11:10:06', '2020-03-04 11:10:06'),
(18, 18, 6, 'sdfs', 2.00, 233.00, '2020-03-04 11:10:07', '2020-03-04 11:10:07'),
(19, 19, 7, '100', 200.00, 100.00, '2020-03-24 15:39:40', '2020-03-24 15:39:40'),
(20, 20, 7, '100', 200.00, 100.00, '2020-03-24 15:41:02', '2020-03-24 15:41:02'),
(21, 21, 1, 'jsdjsjd', 20.00, 20.00, '2020-03-24 15:44:19', '2020-03-24 15:44:19'),
(22, 22, 7, '20', 10.00, 10.00, '2020-03-24 15:46:09', '2020-03-24 15:46:09'),
(23, 23, 7, 'flip the switch', 200.00, 200.00, '2020-03-24 15:49:05', '2020-03-24 15:49:05'),
(24, 24, 7, '20', 20.00, 20.00, '2020-03-24 15:49:56', '2020-03-24 15:49:56'),
(25, 25, 7, '20', 20.00, 20.00, '2020-03-24 15:50:22', '2020-03-24 15:50:22'),
(26, 26, 1, 'skjd', 20.00, 20.00, '2020-03-24 15:50:47', '2020-03-24 15:50:47'),
(27, 27, 8, 'bought 52 index', 52.00, 10.00, '2020-03-26 19:18:16', '2020-03-26 19:18:16'),
(28, 28, 1, '2', 101.00, 10.00, '2020-04-03 09:27:33', '2020-04-03 09:27:33'),
(29, 29, 1, '2', 101.00, 10.00, '2020-04-03 09:38:14', '2020-04-03 09:38:14'),
(30, 30, 1, '23', 10.00, 200.00, '2020-04-03 09:46:07', '2020-04-03 09:46:07'),
(31, 31, 1, '20', 10.00, 200.00, '2020-04-03 09:47:07', '2020-04-03 09:47:07'),
(32, 32, 1, '20', 100.00, 200.00, '2020-04-03 09:49:54', '2020-04-03 09:49:54'),
(33, 33, 8, 'we testing life', 20.00, 12.00, '2020-04-05 07:35:25', '2020-04-05 07:35:25'),
(34, 34, 8, 'we testing life', 20.00, 12.00, '2020-04-05 07:36:48', '2020-04-05 07:36:48'),
(35, 35, 8, 'we testing life', 20.00, 12.00, '2020-04-05 07:37:54', '2020-04-05 07:37:54'),
(36, 36, 8, 'we testing life', 20.00, 12.00, '2020-04-05 07:38:18', '2020-04-05 07:38:18'),
(37, 37, 8, 'we testing life', 20.00, 12.00, '2020-04-05 07:40:34', '2020-04-05 07:40:34'),
(38, 38, 8, 'we testing life', 20.00, 12.00, '2020-04-05 07:41:20', '2020-04-05 07:41:20'),
(39, 40, 8, 'juhjuh', 20.00, 12.00, '2020-04-05 07:51:13', '2020-04-05 07:51:13'),
(40, 42, 8, 'bought 240 bags of garri', 20.00, 12.00, '2020-04-05 07:53:01', '2020-04-05 07:53:01'),
(41, 43, 8, 'bought 10', 10.00, 12.00, '2020-04-05 07:57:53', '2020-04-05 07:57:53'),
(42, 43, 8, 'bought 50', 50.00, 12.00, '2020-04-05 07:57:54', '2020-04-05 07:57:54'),
(43, 44, 2, 'honesty', 20.00, 22.22, '2020-04-11 18:40:31', '2020-04-11 18:40:31'),
(44, 45, 1, 'skdjskl', 20.00, 121212.00, '2020-04-11 19:14:01', '2020-04-11 19:14:01'),
(45, 46, 1, 'skdjskl', 20.00, 121212.00, '2020-04-11 19:20:35', '2020-04-11 19:20:35'),
(46, 47, 1, 'dsd', 10.00, 121212.00, '2020-04-11 19:20:52', '2020-04-11 19:20:52'),
(47, 48, 2, 'dsd', 5.00, 22.22, '2020-04-11 19:22:31', '2020-04-11 19:22:31'),
(48, 49, 2, '20', 10.00, 22.22, '2020-04-11 19:24:14', '2020-04-11 19:24:14'),
(49, 50, 2, 'sdsjhkj', 10.00, 22.22, '2020-04-11 19:24:54', '2020-04-11 19:24:54'),
(50, 51, 2, 'dfdsfs', 10.00, 22.22, '2020-04-11 19:25:34', '2020-04-11 19:25:34'),
(51, 52, 1, '20', 20.00, 121212.00, '2020-04-11 19:27:44', '2020-04-11 19:27:44'),
(52, 53, 2, 'dfjdhfkh', 20.00, 22.22, '2020-04-11 19:28:38', '2020-04-11 19:28:38'),
(53, 54, 2, '20', 20.00, 22.22, '2020-04-11 19:35:04', '2020-04-11 19:35:04'),
(54, 55, 2, '20', 20.00, 22.22, '2020-04-11 19:35:53', '2020-04-11 19:35:53'),
(55, 56, 2, 'dkjfdklj', 20.00, 22.22, '2020-04-11 19:38:40', '2020-04-11 19:38:40'),
(56, 57, 2, 'dfhdkjh', 20.00, 22.22, '2020-04-11 19:39:53', '2020-04-11 19:39:53'),
(57, 58, 2, 'sdsjhdjkh', 20.00, 22.22, '2020-04-11 19:40:35', '2020-04-11 19:40:35'),
(58, 59, 2, 'dkjdkflj', 20.00, 22.22, '2020-04-11 19:41:31', '2020-04-11 19:41:31'),
(59, 60, 2, 'dsfsdjkfh', 22.00, 22.22, '2020-04-11 19:41:57', '2020-04-11 19:41:57'),
(60, 61, 2, 'dfjksdhfkjdh', 200.00, 22.22, '2020-04-11 19:43:33', '2020-04-11 19:43:33'),
(61, 62, 2, 'fjdhfjksdhfjk', 25.00, 22.22, '2020-04-11 19:44:08', '2020-04-11 19:44:08'),
(62, 63, 1, 'rent is with simi', 1.00, 200.00, '2020-04-12 17:15:35', '2020-04-12 17:15:35'),
(63, 64, 2, 'jdkfdkjfhdkjfhdk', 20.00, 111111.00, '2020-04-12 17:16:36', '2020-04-12 17:16:36'),
(64, 65, 2, 'jdkfdkjfhdkjfhdk', 20.00, 111111.00, '2020-04-12 17:20:14', '2020-04-12 17:20:14'),
(65, 66, 1, 'new skirt', 20.00, 200.00, '2020-04-18 20:55:24', '2020-04-18 20:55:24'),
(66, 67, 3, 'demo', 50.00, 200.00, '2020-05-01 14:30:30', '2020-05-01 14:30:30'),
(67, 68, 3, 'demo', 10.00, 200.00, '2020-05-01 14:31:11', '2020-05-01 14:31:11'),
(68, 69, 3, 'fgdf', 20.00, 200.00, '2020-05-01 14:44:49', '2020-05-01 14:44:49'),
(69, 70, 1, 'sjdhsjkh', 20.00, 200.00, '2020-05-03 21:52:12', '2020-05-03 21:52:12'),
(70, 71, 1, 'hgjhg', 2.00, 200.00, '2020-05-03 21:57:18', '2020-05-03 21:57:18');

-- --------------------------------------------------------

--
-- Table structure for table `items`
--

CREATE TABLE `items` (
  `id` bigint(20) UNSIGNED NOT NULL,
  `user_id` int(11) NOT NULL,
  `name` varchar(191) COLLATE utf8mb4_unicode_ci NOT NULL,
  `type` varchar(191) COLLATE utf8mb4_unicode_ci NOT NULL,
  `unit` varchar(191) COLLATE utf8mb4_unicode_ci NOT NULL,
  `price` decimal(12,2) NOT NULL,
  `business_id` int(11) NOT NULL,
  `account_id` int(11) NOT NULL,
  `description` text COLLATE utf8mb4_unicode_ci NOT NULL,
  `created_at` timestamp NULL DEFAULT NULL,
  `updated_at` timestamp NULL DEFAULT NULL
) ENGINE=InnoDB DEFAULT CHARSET=utf8mb4 COLLATE=utf8mb4_unicode_ci;

--
-- Dumping data for table `items`
--

INSERT INTO `items` (`id`, `user_id`, `name`, `type`, `unit`, `price`, `business_id`, `account_id`, `description`, `created_at`, `updated_at`) VALUES
(1, 1, 'Iphone X', 'Goods', 'kg', '200.00', 1, 2, 'I have watch this movie', '2020-04-12 17:11:17', '2020-05-23 17:48:35'),
(2, 1, 'Kolo', 'Goods', 'g', '111111.00', 1, 2, 'we are done', '2020-04-12 17:16:17', '2020-05-23 17:34:16'),
(3, 56, 'Test', 'Service', 'box', '200.00', 34, 15, 'This a demo', '2020-05-01 14:29:57', '2020-05-01 14:29:57');

-- --------------------------------------------------------

--
-- Table structure for table `journals`
--

CREATE TABLE `journals` (
  `id` bigint(20) UNSIGNED NOT NULL,
  `transaction_id` int(11) NOT NULL,
  `account_id` int(11) NOT NULL,
  `entity_type` text CHARACTER SET utf8mb4 COLLATE utf8mb4_unicode_ci NOT NULL,
  `amount` decimal(12,2) NOT NULL,
  `created_at` timestamp NULL DEFAULT NULL,
  `updated_at` timestamp NULL DEFAULT NULL
) ENGINE=InnoDB DEFAULT CHARSET=utf8mb4 COLLATE=utf8mb4_unicode_ci;

--
-- Dumping data for table `journals`
--

INSERT INTO `journals` (`id`, `transaction_id`, `account_id`, `entity_type`, `amount`, `created_at`, `updated_at`) VALUES
(55, 28, 1, 'D', '100.00', '2019-12-03 18:11:22', '2019-12-03 18:11:22'),
(56, 28, 13, 'C', '100.00', '2019-12-03 18:11:22', '2019-12-03 18:11:22'),
(57, 29, 1, 'D', '200.00', '2019-12-03 18:11:40', '2019-12-03 18:11:40'),
(58, 29, 12, 'C', '200.00', '2019-12-03 18:11:40', '2019-12-03 18:11:40'),
(59, 30, 7, 'D', '30.00', '2019-12-03 18:12:02', '2019-12-03 18:12:02'),
(60, 30, 1, 'C', '30.00', '2019-12-03 18:12:02', '2019-12-03 18:12:02'),
(61, 31, 3, 'D', '50.00', '2019-12-03 18:17:52', '2019-12-03 18:17:52'),
(62, 31, 8, 'C', '50.00', '2019-12-03 18:17:52', '2019-12-03 18:17:52'),
(69, 35, 1, 'D', '150.00', '2019-12-03 21:30:24', '2019-12-03 21:30:24'),
(70, 35, 15, 'C', '150.00', '2019-12-03 21:30:24', '2019-12-03 21:30:24'),
(71, 36, 17, 'D', '25.00', '2019-12-03 21:32:00', '2019-12-03 21:32:00'),
(72, 36, 3, 'C', '25.00', '2019-12-03 21:32:00', '2019-12-03 21:32:00'),
(73, 37, 1, 'D', '10000.00', '2019-12-14 13:05:38', '2019-12-14 13:05:38'),
(74, 37, 1, 'C', '10000.00', '2019-12-14 13:05:38', '2019-12-14 13:05:38'),
(75, 38, 1, 'D', '2000.00', '2019-12-16 11:44:11', '2019-12-16 11:44:11'),
(76, 38, 1, 'C', '2000.00', '2019-12-16 11:44:11', '2019-12-16 11:44:11'),
(77, 39, 4, 'D', '1200.00', '2019-12-16 11:45:40', '2019-12-16 11:45:40'),
(78, 39, 9, 'C', '1200.00', '2019-12-16 11:45:40', '2019-12-16 11:45:40'),
(79, 40, 3, 'D', '5000.00', '2019-12-16 11:45:58', '2019-12-16 11:45:58'),
(80, 40, 9, 'C', '5000.00', '2019-12-16 11:45:58', '2019-12-16 11:45:58'),
(81, 41, 1, 'D', '324455.00', '2019-12-16 11:56:49', '2019-12-16 11:56:49'),
(82, 41, 3, 'C', '324455.00', '2019-12-16 11:56:49', '2019-12-16 11:56:49'),
(83, 42, 9, 'D', '34556.00', '2019-12-16 11:57:24', '2019-12-16 11:57:24'),
(84, 42, 21, 'C', '34556.00', '2019-12-16 11:57:24', '2019-12-16 11:57:24'),
(85, 43, 17, 'D', '10000.00', '2020-01-02 15:14:08', '2020-01-02 15:14:08'),
(86, 43, 2, 'C', '10000.00', '2020-01-02 15:14:08', '2020-01-02 15:14:08'),
(87, 44, 11, 'D', '3000.00', '2020-01-06 12:35:24', '2020-01-06 12:35:24'),
(88, 44, 18, 'C', '3000.00', '2020-01-06 12:35:24', '2020-01-06 12:35:24'),
(89, 45, 1, 'D', '324455.00', '2020-01-06 13:01:42', '2020-01-06 13:01:42'),
(90, 45, 1, 'C', '324455.00', '2020-01-06 13:01:42', '2020-01-06 13:01:42'),
(91, 46, 1, 'D', '10999.00', '2020-01-15 20:17:37', '2020-01-15 20:17:37'),
(92, 46, 1, 'C', '10999.00', '2020-01-15 20:17:37', '2020-01-15 20:17:37'),
(93, 36, 1, 'D', '1500.00', '2020-02-26 19:36:15', '2020-02-26 19:36:15'),
(94, 36, 4, 'C', '1500.00', '2020-02-26 19:36:15', '2020-02-26 19:36:15'),
(95, 37, 4, 'D', '2000.00', '2020-02-26 19:37:47', '2020-02-26 19:37:47'),
(96, 37, 1, 'C', '2000.00', '2020-02-26 19:37:47', '2020-02-26 19:37:47'),
(97, 38, 1, 'D', '20000.00', '2020-03-02 08:13:39', '2020-03-02 08:13:39'),
(98, 38, 14, 'C', '20000.00', '2020-03-02 08:13:39', '2020-03-02 08:13:39'),
(99, 40, 1, 'D', '20.00', '2020-03-03 11:26:23', '2020-03-03 11:26:23'),
(100, 40, 1, 'C', '20.00', '2020-03-03 11:26:23', '2020-03-03 11:26:23'),
(101, 41, 1, 'D', '100.00', '2020-03-03 11:27:07', '2020-03-03 11:27:07'),
(102, 41, 1, 'C', '100.00', '2020-03-03 11:27:07', '2020-03-03 11:27:07'),
(103, 42, 4, 'D', '10000.00', '2020-03-03 17:23:07', '2020-03-03 17:23:07'),
(104, 42, 1, 'C', '10000.00', '2020-03-03 17:23:07', '2020-03-03 17:23:07'),
(105, 43, 4, 'D', '334.00', '2020-03-04 11:13:30', '2020-03-04 11:13:30'),
(106, 43, 1, 'C', '334.00', '2020-03-04 11:13:30', '2020-03-04 11:13:30'),
(107, 44, 3, 'D', '897.00', '2020-03-04 11:14:51', '2020-03-04 11:14:51'),
(108, 44, 19, 'C', '897.00', '2020-03-04 11:14:51', '2020-03-04 11:14:51'),
(109, 45, 16, 'D', '20.00', '2020-04-04 10:50:33', '2020-04-04 10:50:33'),
(110, 45, 1, 'C', '20.00', '2020-04-04 10:50:34', '2020-04-04 10:50:34'),
(111, 46, 1, 'D', '100.00', '2020-04-04 13:03:50', '2020-04-04 13:03:50'),
(112, 46, 1, 'C', '100.00', '2020-04-04 13:03:50', '2020-04-04 13:03:50'),
(113, 47, 1, 'D', '200.00', '2020-04-04 13:04:50', '2020-04-04 13:04:50'),
(114, 47, 2, 'C', '200.00', '2020-04-04 13:04:50', '2020-04-04 13:04:50'),
(115, 48, 2, 'D', '200.00', '2020-04-05 07:20:34', '2020-04-05 07:20:34'),
(116, 48, 10, 'C', '200.00', '2020-04-05 07:20:35', '2020-04-05 07:20:35'),
(117, 49, 13, 'D', '200.00', '2020-04-05 07:27:26', '2020-04-05 07:27:26'),
(118, 49, 2, 'C', '200.00', '2020-04-05 07:27:26', '2020-04-05 07:27:26'),
(119, 52, 1, 'D', '240.00', '2020-04-05 07:41:21', '2020-04-05 07:41:21'),
(120, 53, 1, 'D', '240.00', '2020-04-05 07:51:14', '2020-04-05 07:51:14'),
(121, 53, 15, 'C', '240.00', '2020-04-05 07:51:14', '2020-04-05 07:51:14'),
(122, 54, 1, 'D', '240.00', '2020-04-05 07:53:01', '2020-04-05 07:53:01'),
(123, 54, 15, 'C', '240.00', '2020-04-05 07:53:01', '2020-04-05 07:53:01'),
(124, 55, 1, 'D', '120.00', '2020-04-05 07:57:53', '2020-04-05 07:57:53'),
(125, 55, 15, 'C', '120.00', '2020-04-05 07:57:53', '2020-04-05 07:57:53'),
(126, 56, 1, 'D', '600.00', '2020-04-05 07:57:54', '2020-04-05 07:57:54'),
(127, 56, 15, 'C', '600.00', '2020-04-05 07:57:54', '2020-04-05 07:57:54'),
(128, 57, 1, 'D', '444.40', '2020-04-11 18:40:31', '2020-04-11 18:40:31'),
(129, 57, 15, 'C', '444.40', '2020-04-11 18:40:32', '2020-04-11 18:40:32'),
(130, 61, 1, 'D', '111.10', '2020-04-11 19:22:32', '2020-04-11 19:22:32'),
(131, 61, 15, 'C', '111.10', '2020-04-11 19:22:32', '2020-04-11 19:22:32'),
(132, 62, 1, 'D', '222.20', '2020-04-11 19:24:15', '2020-04-11 19:24:15'),
(133, 62, 15, 'C', '222.20', '2020-04-11 19:24:15', '2020-04-11 19:24:15'),
(134, 63, 1, 'D', '222.20', '2020-04-11 19:24:55', '2020-04-11 19:24:55'),
(135, 63, 15, 'C', '222.20', '2020-04-11 19:24:55', '2020-04-11 19:24:55'),
(136, 64, 1, 'D', '222.20', '2020-04-11 19:25:34', '2020-04-11 19:25:34'),
(137, 64, 15, 'C', '222.20', '2020-04-11 19:25:34', '2020-04-11 19:25:34'),
(138, 66, 1, 'D', '444.40', '2020-04-11 19:28:38', '2020-04-11 19:28:38'),
(139, 66, 15, 'C', '444.40', '2020-04-11 19:28:38', '2020-04-11 19:28:38'),
(140, 67, 1, 'D', '444.40', '2020-04-11 19:35:05', '2020-04-11 19:35:05'),
(141, 67, 15, 'C', '444.40', '2020-04-11 19:35:05', '2020-04-11 19:35:05'),
(142, 68, 1, 'D', '444.40', '2020-04-11 19:35:54', '2020-04-11 19:35:54'),
(143, 68, 15, 'C', '444.40', '2020-04-11 19:35:54', '2020-04-11 19:35:54'),
(144, 69, 1, 'D', '444.40', '2020-04-11 19:38:40', '2020-04-11 19:38:40'),
(145, 69, 15, 'C', '444.40', '2020-04-11 19:38:41', '2020-04-11 19:38:41'),
(146, 70, 1, 'D', '444.40', '2020-04-11 19:39:53', '2020-04-11 19:39:53'),
(147, 70, 15, 'C', '444.40', '2020-04-11 19:39:53', '2020-04-11 19:39:53'),
(148, 71, 1, 'D', '444.40', '2020-04-11 19:40:36', '2020-04-11 19:40:36'),
(149, 71, 15, 'C', '444.40', '2020-04-11 19:40:36', '2020-04-11 19:40:36'),
(150, 72, 1, 'D', '444.40', '2020-04-11 19:41:32', '2020-04-11 19:41:32'),
(151, 72, 15, 'C', '444.40', '2020-04-11 19:41:32', '2020-04-11 19:41:32'),
(152, 73, 1, 'D', '488.84', '2020-04-11 19:41:57', '2020-04-11 19:41:57'),
(153, 73, 15, 'C', '488.84', '2020-04-11 19:41:57', '2020-04-11 19:41:57'),
(154, 74, 1, 'D', '4444.00', '2020-04-11 19:43:33', '2020-04-11 19:43:33'),
(155, 74, 15, 'C', '4444.00', '2020-04-11 19:43:33', '2020-04-11 19:43:33'),
(156, 75, 1, 'D', '555.50', '2020-04-11 19:44:09', '2020-04-11 19:44:09'),
(157, 75, 15, 'C', '555.50', '2020-04-11 19:44:09', '2020-04-11 19:44:09'),
(158, 76, 1, 'D', '200.00', '2020-04-12 17:15:35', '2020-04-12 17:15:35'),
(159, 76, 2, 'C', '200.00', '2020-04-12 17:15:35', '2020-04-12 17:15:35'),
(160, 78, 1, 'D', '2222220.00', '2020-04-12 17:20:14', '2020-04-12 17:20:14'),
(161, 78, 15, 'C', '2222220.00', '2020-04-12 17:20:14', '2020-04-12 17:20:14'),
(162, 79, 1, 'D', '4000.00', '2020-04-18 20:55:25', '2020-04-18 20:55:25'),
(163, 79, 2, 'C', '4000.00', '2020-04-18 20:55:25', '2020-04-18 20:55:25'),
(164, 80, 1, 'D', '10000.00', '2020-05-01 14:30:30', '2020-05-01 14:30:30'),
(165, 80, 15, 'C', '10000.00', '2020-05-01 14:30:30', '2020-05-01 14:30:30'),
(166, 81, 1, 'D', '2000.00', '2020-05-01 14:31:11', '2020-05-01 14:31:11'),
(167, 81, 15, 'C', '2000.00', '2020-05-01 14:31:11', '2020-05-01 14:31:11'),
(168, 82, 1, 'D', '4000.00', '2020-05-01 14:44:49', '2020-05-01 14:44:49'),
(169, 82, 15, 'C', '4000.00', '2020-05-01 14:44:50', '2020-05-01 14:44:50'),
(170, 83, 1, 'D', '20.00', '2020-05-02 09:53:43', '2020-05-02 09:53:43'),
(171, 83, 8, 'C', '20.00', '2020-05-02 09:53:43', '2020-05-02 09:53:43'),
(172, 84, 1, 'D', '50.00', '2020-05-02 09:58:29', '2020-05-02 09:58:29'),
(173, 84, 1, 'C', '50.00', '2020-05-02 09:58:30', '2020-05-02 09:58:30'),
(174, 85, 1, 'D', '4000.00', '2020-05-03 21:52:13', '2020-05-03 21:52:13'),
(175, 85, 2, 'C', '4000.00', '2020-05-03 21:52:13', '2020-05-03 21:52:13'),
(176, 86, 1, 'D', '400.00', '2020-05-03 21:57:19', '2020-05-03 21:57:19'),
(177, 86, 2, 'C', '400.00', '2020-05-03 21:57:19', '2020-05-03 21:57:19');

-- --------------------------------------------------------

--
-- Table structure for table `migrations`
--

CREATE TABLE `migrations` (
  `id` int(10) UNSIGNED NOT NULL,
  `migration` varchar(191) CHARACTER SET utf8mb4 COLLATE utf8mb4_unicode_ci NOT NULL,
  `batch` int(11) NOT NULL
) ENGINE=InnoDB DEFAULT CHARSET=utf8mb4 COLLATE=utf8mb4_unicode_ci;

--
-- Dumping data for table `migrations`
--

INSERT INTO `migrations` (`id`, `migration`, `batch`) VALUES
(1, '2014_10_12_000000_create_users_table', 1),
(2, '2014_10_12_100000_create_password_resets_table', 1),
(3, '2019_10_22_085709_create_subscription_plans_table', 1),
(4, '2019_10_22_085846_create_subscribers_table', 1),
(5, '2019_10_22_090016_create_businesses_table', 1),
(6, '2019_10_22_093229_create_accounts_table', 1),
(7, '2019_10_22_093326_create_business_accounts_table', 1),
(8, '2019_10_22_093510_create_journals_table', 1),
(9, '2019_10_22_093734_create_journal_transactions_table', 1),
(10, '2019_10_22_093835_create_client_ledger_table', 1),
(11, '2019_10_28_101503_create_user_businesses_table', 1),
(13, '2019_11_11_090628_create_account_types_table', 1),
(14, '2019_11_11_190629_create_entities_table', 1),
(15, '2019_11_11_194446_create_audit_trails_table', 1),
(16, '2019_11_18_124329_create_contactuses_table', 1),
(17, '2019_11_21_202705_create_transactions_table', 1),
(21, '2019_11_27_132914_create_customers_table', 3),
(23, '2019_12_06_051925_create_invoice_transactions_table', 4),
(24, '2019_11_08_105214_create_invoices_table', 5),
(25, '2019_11_28_133144_create_items_table', 6);

-- --------------------------------------------------------

--
-- Table structure for table `password_resets`
--

CREATE TABLE `password_resets` (
  `email` varchar(191) CHARACTER SET utf8mb4 COLLATE utf8mb4_unicode_ci NOT NULL,
  `token` varchar(191) CHARACTER SET utf8mb4 COLLATE utf8mb4_unicode_ci NOT NULL,
  `created_at` timestamp NULL DEFAULT NULL
) ENGINE=InnoDB DEFAULT CHARSET=utf8mb4 COLLATE=utf8mb4_unicode_ci;

-- --------------------------------------------------------

--
-- Table structure for table `subscribers`
--

CREATE TABLE `subscribers` (
  `id` bigint(20) UNSIGNED NOT NULL,
  `user_id` int(11) NOT NULL,
  `subscription_plan` int(11) NOT NULL,
  `created_at` timestamp NULL DEFAULT NULL,
  `updated_at` timestamp NULL DEFAULT NULL
) ENGINE=InnoDB DEFAULT CHARSET=utf8mb4 COLLATE=utf8mb4_unicode_ci;

--
-- Dumping data for table `subscribers`
--

INSERT INTO `subscribers` (`id`, `user_id`, `subscription_plan`, `created_at`, `updated_at`) VALUES
(18, 26, 2, '2020-01-05 18:41:34', '2020-01-05 18:41:34'),
(19, 27, 2, '2020-01-06 12:08:58', '2020-01-06 12:08:58'),
(20, 29, 2, '2020-01-06 12:10:41', '2020-01-06 12:10:41'),
(21, 28, 2, '2020-01-06 12:11:37', '2020-01-06 12:11:37'),
(22, 31, 2, '2020-01-10 13:07:56', '2020-01-10 13:07:56'),
(23, 36, 2, '2020-01-13 16:13:07', '2020-01-13 16:13:07'),
(24, 39, 2, '2020-01-14 08:27:32', '2020-01-14 08:27:32'),
(25, 40, 2, '2020-01-15 20:12:57', '2020-01-15 20:12:57'),
(26, 41, 2, '2020-01-15 20:54:53', '2020-01-15 20:54:53'),
(27, 42, 2, '2020-01-17 11:50:20', '2020-01-17 11:50:20'),
(28, 43, 2, '2020-01-17 13:37:53', '2020-01-17 13:37:53'),
(29, 44, 2, '2020-01-17 20:42:55', '2020-01-17 20:42:55'),
(30, 1, 2, '2020-01-17 21:16:35', '2020-01-17 21:16:35'),
(31, 45, 2, '2020-01-17 21:50:56', '2020-01-17 21:50:56'),
(32, 46, 2, '2020-01-19 11:19:32', '2020-01-19 11:19:32'),
(33, 48, 2, '2020-01-19 19:01:14', '2020-01-19 19:01:14'),
(34, 49, 2, '2020-02-17 17:44:28', '2020-02-17 17:44:28'),
(35, 43, 2, '2020-02-17 17:56:39', '2020-02-17 17:56:39'),
(36, 50, 2, '2020-02-26 19:25:47', '2020-02-26 19:25:47'),
(37, 44, 2, '2020-02-26 21:06:44', '2020-02-26 21:06:44'),
(38, 51, 2, '2020-03-02 07:59:22', '2020-03-02 07:59:22'),
(39, 52, 2, '2020-03-03 10:58:34', '2020-03-03 10:58:34'),
(40, 53, 2, '2020-03-04 09:31:59', '2020-03-04 09:31:59'),
(41, 55, 2, '2020-03-04 11:00:40', '2020-03-04 11:00:40'),
(42, 1, 2, '2020-03-10 23:10:27', '2020-03-10 23:10:27'),
(43, 56, 2, '2020-03-26 19:09:32', '2020-03-26 19:09:32'),
(44, 43, 2, '2020-04-05 08:15:19', '2020-04-05 08:15:19'),
(45, 57, 2, '2020-04-11 06:45:43', '2020-04-11 06:45:43'),
(46, 1, 2, '2020-04-11 06:58:19', '2020-04-11 06:58:19'),
(47, 56, 2, '2020-05-01 14:29:09', '2020-05-01 14:29:09'),
(48, 1, 2, '2020-05-23 12:20:41', '2020-05-23 12:20:41');

-- --------------------------------------------------------

--
-- Table structure for table `subscription_plans`
--

CREATE TABLE `subscription_plans` (
  `id` bigint(20) UNSIGNED NOT NULL,
  `plan` varchar(191) CHARACTER SET utf8mb4 COLLATE utf8mb4_unicode_ci NOT NULL,
  `days` int(11) NOT NULL,
  `description` text CHARACTER SET utf8mb4 COLLATE utf8mb4_unicode_ci NOT NULL,
  `created_at` timestamp NULL DEFAULT NULL,
  `updated_at` timestamp NULL DEFAULT NULL
) ENGINE=InnoDB DEFAULT CHARSET=utf8mb4 COLLATE=utf8mb4_unicode_ci;

--
-- Dumping data for table `subscription_plans`
--

INSERT INTO `subscription_plans` (`id`, `plan`, `days`, `description`, `created_at`, `updated_at`) VALUES
(1, 'PREMIUM', 30, 'Monthly payment to have unlimited access to all features.', '2019-11-25 15:54:51', '2019-11-25 15:54:51'),
(2, 'FREMIUM', 30, '30 Days Trials after which access is limited to only invoice feature', '2019-11-25 15:54:51', '2019-11-25 15:54:51');

-- --------------------------------------------------------

--
-- Table structure for table `transactions`
--

CREATE TABLE `transactions` (
  `id` bigint(20) UNSIGNED NOT NULL,
  `user_id` int(11) NOT NULL,
  `business_id` int(11) NOT NULL,
  `description` text CHARACTER SET utf8mb4 COLLATE utf8mb4_unicode_ci NOT NULL,
  `created_at` timestamp NULL DEFAULT NULL,
  `updated_at` timestamp NULL DEFAULT NULL
) ENGINE=InnoDB DEFAULT CHARSET=utf8mb4 COLLATE=utf8mb4_unicode_ci;

--
-- Dumping data for table `transactions`
--

INSERT INTO `transactions` (`id`, `user_id`, `business_id`, `description`, `created_at`, `updated_at`) VALUES
(28, 1, 1, 'Owner make capital contribution of 100', '2019-12-03 18:11:22', '2019-12-03 18:11:22'),
(29, 1, 1, 'Take out a further 200 loan to funds its activities', '2019-12-03 18:11:40', '2019-12-03 18:11:40'),
(30, 1, 1, 'Spend 30 in cash on window cleaning equipment', '2019-12-03 18:12:02', '2019-12-03 18:12:02'),
(31, 1, 1, 'It spends a further 50 on cleaning supplies. the payment is made on account', '2019-12-03 18:17:52', '2019-12-03 18:17:52'),
(35, 1, 1, 'make 150 cleaning windows', '2019-12-03 21:30:24', '2019-12-03 21:30:24'),
(36, 50, 29, 'Spray gel', '2020-02-26 19:36:15', '2020-02-26 19:36:15'),
(37, 50, 29, 'Sales of gel', '2020-02-26 19:37:47', '2020-02-26 19:37:47'),
(38, 51, 30, 'njhjkhbl', '2020-03-02 08:13:39', '2020-03-02 08:13:39'),
(39, 51, 30, 'cars', '2020-03-02 08:15:28', '2020-03-02 08:15:28'),
(40, 52, 31, '50 bags of cement', '2020-03-03 11:26:23', '2020-03-03 11:26:23'),
(41, 52, 31, '6 bag of rice', '2020-03-03 11:27:07', '2020-03-03 11:27:07'),
(42, 43, 26, 'AMOUNT PAID', '2020-03-03 17:23:07', '2020-03-03 17:23:07'),
(43, 55, 33, 'sdfd', '2020-03-04 11:13:30', '2020-03-04 11:13:30'),
(44, 55, 33, 'second', '2020-03-04 11:14:51', '2020-03-04 11:14:51'),
(45, 1, 1, 'spend 20 in cash on advertising', '2020-04-04 10:50:33', '2020-04-04 10:50:33'),
(46, 56, 34, 'testing it up', '2020-04-04 13:03:49', '2020-04-04 13:03:49'),
(47, 56, 34, 'i will fight u', '2020-04-04 13:04:49', '2020-04-04 13:04:49'),
(48, 56, 34, 'testing if it works', '2020-04-05 07:20:33', '2020-04-05 07:20:33'),
(49, 56, 34, 'testing the shit', '2020-04-05 07:27:26', '2020-04-05 07:27:26'),
(50, 56, 34, 'just testing if the shit works', '2020-04-05 07:38:19', '2020-04-05 07:38:19'),
(51, 56, 34, 'just testing if the shit works', '2020-04-05 07:40:34', '2020-04-05 07:40:34'),
(52, 56, 34, 'just testing if the shit works', '2020-04-05 07:41:21', '2020-04-05 07:41:21'),
(53, 56, 34, 'just testing if the shit works', '2020-04-05 07:51:13', '2020-04-05 07:51:13'),
(54, 56, 34, 'just testing if the shit works', '2020-04-05 07:53:01', '2020-04-05 07:53:01'),
(55, 56, 34, 'bought 10', '2020-04-05 07:57:53', '2020-04-05 07:57:53'),
(56, 56, 34, 'bought 50', '2020-04-05 07:57:54', '2020-04-05 07:57:54'),
(57, 1, 1, 'honesty', '2020-04-11 18:40:31', '2020-04-11 18:40:31'),
(58, 1, 1, 'skdjskl', '2020-04-11 19:14:01', '2020-04-11 19:14:01'),
(59, 1, 1, 'skdjskl', '2020-04-11 19:20:35', '2020-04-11 19:20:35'),
(60, 1, 1, 'dsd', '2020-04-11 19:20:52', '2020-04-11 19:20:52'),
(61, 1, 1, 'dsd', '2020-04-11 19:22:32', '2020-04-11 19:22:32'),
(62, 1, 1, '20', '2020-04-11 19:24:14', '2020-04-11 19:24:14'),
(63, 1, 1, 'sdsjhkj', '2020-04-11 19:24:55', '2020-04-11 19:24:55'),
(64, 1, 1, 'dfdsfs', '2020-04-11 19:25:34', '2020-04-11 19:25:34'),
(65, 1, 1, '20', '2020-04-11 19:27:44', '2020-04-11 19:27:44'),
(66, 1, 1, 'dfjdhfkh', '2020-04-11 19:28:38', '2020-04-11 19:28:38'),
(67, 1, 1, '20', '2020-04-11 19:35:05', '2020-04-11 19:35:05'),
(68, 1, 1, '20', '2020-04-11 19:35:54', '2020-04-11 19:35:54'),
(69, 1, 1, 'dkjfdklj', '2020-04-11 19:38:40', '2020-04-11 19:38:40'),
(70, 1, 1, 'dfhdkjh', '2020-04-11 19:39:53', '2020-04-11 19:39:53'),
(71, 1, 1, 'sdsjhdjkh', '2020-04-11 19:40:35', '2020-04-11 19:40:35'),
(72, 1, 1, 'dkjdkflj', '2020-04-11 19:41:31', '2020-04-11 19:41:31'),
(73, 1, 1, 'dsfsdjkfh', '2020-04-11 19:41:57', '2020-04-11 19:41:57'),
(74, 1, 1, 'dfjksdhfkjdh', '2020-04-11 19:43:33', '2020-04-11 19:43:33'),
(75, 1, 1, 'fjdhfjksdhfjk', '2020-04-11 19:44:09', '2020-04-11 19:44:09'),
(76, 1, 1, 'rent is with simi', '2020-04-12 17:15:35', '2020-04-12 17:15:35'),
(77, 1, 1, 'jdkfdkjfhdkjfhdk', '2020-04-12 17:16:36', '2020-04-12 17:16:36'),
(78, 1, 1, 'jdkfdkjfhdkjfhdk', '2020-04-12 17:20:14', '2020-04-12 17:20:14'),
(79, 1, 1, 'new skirt', '2020-04-18 20:55:25', '2020-04-18 20:55:25'),
(80, 56, 34, 'demo', '2020-05-01 14:30:30', '2020-05-01 14:30:30'),
(81, 56, 34, 'demo', '2020-05-01 14:31:11', '2020-05-01 14:31:11'),
(82, 56, 34, 'fgdf', '2020-05-01 14:44:49', '2020-05-01 14:44:49'),
(83, 1, 1, 'tesdt', '2020-05-02 09:53:43', '2020-05-02 09:53:43'),
(84, 1, 1, 'siudsioud', '2020-05-02 09:58:29', '2020-05-02 09:58:29'),
(85, 1, 1, 'sjdhsjkh', '2020-05-03 21:52:12', '2020-05-03 21:52:12'),
(86, 1, 1, 'hgjhg', '2020-05-03 21:57:19', '2020-05-03 21:57:19');

-- --------------------------------------------------------

--
-- Table structure for table `users`
--

CREATE TABLE `users` (
  `id` bigint(20) UNSIGNED NOT NULL,
  `name` varchar(191) CHARACTER SET utf8mb4 COLLATE utf8mb4_unicode_ci NOT NULL,
  `email` varchar(191) CHARACTER SET utf8mb4 COLLATE utf8mb4_unicode_ci NOT NULL,
  `email_verified_at` timestamp NULL DEFAULT NULL,
  `password` varchar(191) CHARACTER SET utf8mb4 COLLATE utf8mb4_unicode_ci NOT NULL,
  `profile_photo` varchar(191) CHARACTER SET utf8mb4 COLLATE utf8mb4_unicode_ci NOT NULL,
  `scratch_card` varchar(191) CHARACTER SET utf8mb4 COLLATE utf8mb4_unicode_ci DEFAULT NULL,
  `remember_token` varchar(100) CHARACTER SET utf8mb4 COLLATE utf8mb4_unicode_ci DEFAULT NULL,
  `created_at` timestamp NULL DEFAULT NULL,
  `updated_at` timestamp NULL DEFAULT NULL
) ENGINE=InnoDB DEFAULT CHARSET=utf8mb4 COLLATE=utf8mb4_unicode_ci;

--
-- Dumping data for table `users`
--

INSERT INTO `users` (`id`, `name`, `email`, `email_verified_at`, `password`, `profile_photo`, `scratch_card`, `remember_token`, `created_at`, `updated_at`) VALUES
(1, 'test', 'egin2k3@gmail.com', NULL, '$2y$10$AEoHOsZO/GLgt0boRH59OOnUfbJj/O4AYzDCBc.VTFDVuj7GqarUG', 'UWq577qnB04Hs0xbAR75WhtOQsJ2qtP363bi90Go.png', NULL, NULL, '2019-11-25 15:56:28', '2019-12-19 12:39:26'),
(42, 'isaac', 'hyzikjay01@gmail.com', NULL, '$2y$10$4CIm7HfJ/llNdbKra1wmGuOhVy8hr9ajTdUTnQdLtVO/8W1mCXrBC', 'no-avatar.jpg', NULL, NULL, '2020-01-17 11:48:37', '2020-01-17 11:48:37'),
(43, 'daniel peter', 'eshowoeblim@gmail.com', NULL, '$2y$10$ZzYxwq/IYQoHtA4YEBuKfuREN3zVGxOLDzBX6O6uX0tNpa.GgdI2q', 'no-avatar.jpg', NULL, NULL, '2020-01-17 13:37:46', '2020-01-17 13:37:46'),
(44, 'david bassey', 'dave107373@gmail.com', NULL, '$2y$10$9xa81Lgd7Ww8QPtdfYEPFuT5ZX9aOvjQTlQYZPPcitYx5Y9ztxXUu', 'sricQ9d4uWq0viUWK4GAOfXB6qHBkpeaKkS62LgO.jpeg', NULL, NULL, '2020-01-17 20:41:52', '2020-02-26 21:09:08'),
(45, 'daniel peter', 'peter@petrongsoftware.com', NULL, '$2y$10$/enKJROd.O13P19VssCjk.tT6zyeKHlN1afGi6FTIciVbHnPJQJvq', 'no-avatar.jpg', NULL, NULL, '2020-01-17 21:49:49', '2020-01-17 21:49:49'),
(46, 'peter eshowoeblim', 'solomon@chroniclesoft.com', NULL, '$2y$10$DME8JSCX0N21H5BiUKDnVuYy4xerTvmx4w.zxcQBP4ozYaTPx2MP6', 'no-avatar.jpg', NULL, NULL, '2020-01-19 10:45:09', '2020-01-19 10:45:09'),
(47, 'daniel peter', 'eshowoeblima@gmail.com', NULL, '$2y$10$v8Ntucc/jF0YX00br0lcP.0hwivc7P6LJ193vd1kteTknBo38PQsG', 'no-avatar.jpg', NULL, NULL, '2020-01-19 12:30:08', '2020-01-19 12:30:08'),
(48, 'effiom hogan', 'effiom@gmail.com', NULL, '$2y$10$x2qmAjCzTRW6DAQ5k4wlvuWMUQFLODzdYeyhSJQVg7CsPnwMaAydG', 'no-avatar.jpg', NULL, NULL, '2020-01-19 19:00:33', '2020-01-19 19:00:33'),
(49, 'patents', 'ee@gmail.com', NULL, '$2y$10$58zB7WO7/FjCBype2nvwxeLgJ3Ie22GbkM5bnVv5UidWkWbFsNS0G', 'no-avatar.jpg', NULL, NULL, '2020-02-17 17:41:33', '2020-02-17 17:41:33'),
(50, 'peter grace ogbotu', 'petergrace1996@gmail.com', NULL, '$2y$10$nd/sJpAtLX0hYns9pS9t/OkakZhgxxUsM1.6xVOqn4Vh4KB8Cu/Dq', 'no-avatar.jpg', NULL, NULL, '2020-02-26 19:24:36', '2020-02-26 19:24:36'),
(51, 'joshua', 'joshuaadetunbi@gmail.com', NULL, '$2y$10$OS2874/B5rfsOvunVUJ.z.uZyPTMYuX5umNZOHa5.doe73ESwedUK', 'no-avatar.jpg', NULL, NULL, '2020-03-02 07:59:02', '2020-03-02 07:59:02'),
(52, 'isaac', 'hyzikjay02@gmail.com', NULL, '$2y$10$lq5A5TM49AE6EzMiF2HGleX/NrhwUn0HXX9dy7F6MXXIyPC6tiqIa', 'no-avatar.jpg', NULL, NULL, '2020-03-03 10:54:30', '2020-03-03 10:54:30'),
(53, 'adesanoye samson', 'testking@gmail.com', NULL, '$2y$10$O3YOn7hkPpv/2Po6MBeIwO17DytC/2z5Moe205wxqFKgm1u/Z3kVG', 'no-avatar.jpg', NULL, NULL, '2020-03-04 09:31:50', '2020-03-04 09:31:50'),
(54, 'daniel peter', 'peter@ymil.com', NULL, '$2y$10$9E7caEs/8q3MTZi5nra6MOVJgjZyq5Gb8cqmTjKRbUbbVl71j9hhm', 'no-avatar.jpg', '', NULL, '2020-03-04 10:45:35', '2020-03-04 10:45:35'),
(55, 'awonusi olajide', 'francollimassociates@gmail.com', NULL, '$2y$10$xl238erVBmNpXAMs9WpJHuuSLWNT.9NtfBMVeX0UB69ri7n/mhRMK', 'no-avatar.jpg', NULL, NULL, '2020-03-04 11:00:13', '2020-03-04 11:00:13'),
(56, 'test bob', 'unitycrm@gmail.com', NULL, '$2y$10$AEoHOsZO/GLgt0boRH59OOnUfbJj/O4AYzDCBc.VTFDVuj7GqarUG', 'no-avatar.jpg', NULL, NULL, '2020-03-26 19:09:28', '2020-03-26 19:09:28'),
(57, 'test78', 'adesanoye.samson1@gmail.com', NULL, '$2y$10$BLN/vF3upUww091jT/BpD.LaiaCtfd0NUnJhiRDxPGU7XhcSHhMU2', 'no-avatar.jpg', NULL, NULL, '2020-04-11 06:44:52', '2020-04-11 06:44:52');

-- --------------------------------------------------------

--
-- Table structure for table `user_businesses`
--

CREATE TABLE `user_businesses` (
  `id` bigint(20) UNSIGNED NOT NULL,
  `business_id` int(11) NOT NULL,
  `user_id` int(11) NOT NULL,
  `role_id` int(11) NOT NULL,
  `created_at` timestamp NULL DEFAULT NULL,
  `updated_at` timestamp NULL DEFAULT NULL
) ENGINE=InnoDB DEFAULT CHARSET=utf8mb4 COLLATE=utf8mb4_unicode_ci;

--
-- Dumping data for table `user_businesses`
--

INSERT INTO `user_businesses` (`id`, `business_id`, `user_id`, `role_id`, `created_at`, `updated_at`) VALUES
(1, 1, 1, 1, '2019-11-25 15:58:07', '2019-11-25 15:58:07'),
(2, 1, 2, 2, '2019-12-06 23:02:02', '2019-12-06 23:02:02'),
(4, 3, 6, 1, '2019-12-15 11:51:47', '2019-12-15 11:51:47'),
(6, 5, 9, 1, '2019-12-16 11:31:33', '2019-12-16 11:31:33'),
(7, 6, 7, 1, '2019-12-16 11:35:28', '2019-12-16 11:35:28'),
(8, 5, 13, 1, '2019-12-16 11:40:16', '2019-12-16 11:40:16'),
(9, 7, 7, 1, '2019-12-16 11:41:21', '2019-12-16 11:41:21'),
(10, 8, 12, 1, '2019-12-16 11:57:36', '2019-12-16 11:57:36'),
(12, 10, 15, 1, '2019-12-18 17:20:52', '2019-12-18 17:20:52'),
(13, 11, 10, 1, '2019-12-20 11:58:20', '2019-12-20 11:58:20'),
(14, 12, 14, 1, '2019-12-26 20:46:12', '2019-12-26 20:46:12'),
(15, 13, 5, 1, '2019-12-28 13:25:29', '2019-12-28 13:25:29'),
(16, 14, 26, 1, '2020-01-05 18:48:35', '2020-01-05 18:48:35'),
(17, 15, 29, 1, '2020-01-06 12:11:47', '2020-01-06 12:11:47'),
(18, 16, 27, 1, '2020-01-06 12:12:50', '2020-01-06 12:12:50'),
(19, 17, 29, 1, '2020-01-06 12:12:59', '2020-01-06 12:12:59'),
(20, 18, 28, 1, '2020-01-06 12:17:53', '2020-01-06 12:17:53'),
(21, 19, 31, 1, '2020-01-10 13:14:54', '2020-01-10 13:14:54'),
(24, 22, 40, 1, '2020-01-15 20:15:19', '2020-01-15 20:15:19'),
(26, 24, 41, 1, '2020-01-15 21:00:07', '2020-01-15 21:00:07'),
(27, 25, 42, 1, '2020-01-17 11:52:21', '2020-01-17 11:52:21'),
(28, 26, 43, 1, '2020-01-17 13:39:27', '2020-01-17 13:39:27'),
(29, 27, 44, 1, '2020-01-17 20:46:51', '2020-01-17 20:46:51'),
(30, 28, 48, 1, '2020-01-19 19:05:16', '2020-01-19 19:05:16'),
(31, 29, 50, 1, '2020-02-26 19:28:56', '2020-02-26 19:28:56'),
(32, 30, 51, 1, '2020-03-02 08:00:59', '2020-03-02 08:00:59'),
(33, 31, 52, 1, '2020-03-03 11:00:25', '2020-03-03 11:00:25'),
(34, 32, 53, 1, '2020-03-04 09:43:54', '2020-03-04 09:43:54'),
(35, 26, 54, 2, '2020-03-04 10:45:35', '2020-03-04 10:45:35'),
(36, 33, 55, 1, '2020-03-04 11:02:08', '2020-03-04 11:02:08'),
(37, 34, 56, 1, '2020-03-26 19:11:00', '2020-03-26 19:11:00');

--
-- Indexes for dumped tables
--

--
-- Indexes for table `accounts`
--
ALTER TABLE `accounts`
  ADD PRIMARY KEY (`id`);

--
-- Indexes for table `account_types`
--
ALTER TABLE `account_types`
  ADD PRIMARY KEY (`id`);

--
-- Indexes for table `audit_trails`
--
ALTER TABLE `audit_trails`
  ADD PRIMARY KEY (`id`);

--
-- Indexes for table `businessaccounts`
--
ALTER TABLE `businessaccounts`
  ADD PRIMARY KEY (`id`);

--
-- Indexes for table `businesses`
--
ALTER TABLE `businesses`
  ADD PRIMARY KEY (`id`);

--
-- Indexes for table `client_ledger`
--
ALTER TABLE `client_ledger`
  ADD PRIMARY KEY (`id`);

--
-- Indexes for table `contact_us`
--
ALTER TABLE `contact_us`
  ADD PRIMARY KEY (`id`);

--
-- Indexes for table `customers`
--
ALTER TABLE `customers`
  ADD PRIMARY KEY (`id`);

--
-- Indexes for table `invoices`
--
ALTER TABLE `invoices`
  ADD PRIMARY KEY (`id`);

--
-- Indexes for table `invoice_transactions`
--
ALTER TABLE `invoice_transactions`
  ADD PRIMARY KEY (`id`);

--
-- Indexes for table `items`
--
ALTER TABLE `items`
  ADD PRIMARY KEY (`id`);

--
-- Indexes for table `journals`
--
ALTER TABLE `journals`
  ADD PRIMARY KEY (`id`);

--
-- Indexes for table `migrations`
--
ALTER TABLE `migrations`
  ADD PRIMARY KEY (`id`);

--
-- Indexes for table `password_resets`
--
ALTER TABLE `password_resets`
  ADD KEY `password_resets_email_index` (`email`);

--
-- Indexes for table `subscribers`
--
ALTER TABLE `subscribers`
  ADD PRIMARY KEY (`id`);

--
-- Indexes for table `subscription_plans`
--
ALTER TABLE `subscription_plans`
  ADD PRIMARY KEY (`id`);

--
-- Indexes for table `transactions`
--
ALTER TABLE `transactions`
  ADD PRIMARY KEY (`id`);

--
-- Indexes for table `users`
--
ALTER TABLE `users`
  ADD PRIMARY KEY (`id`),
  ADD UNIQUE KEY `users_email_unique` (`email`);

--
-- Indexes for table `user_businesses`
--
ALTER TABLE `user_businesses`
  ADD PRIMARY KEY (`id`);

--
-- AUTO_INCREMENT for dumped tables
--

--
-- AUTO_INCREMENT for table `accounts`
--
ALTER TABLE `accounts`
  MODIFY `id` bigint(20) UNSIGNED NOT NULL AUTO_INCREMENT, AUTO_INCREMENT=56;

--
-- AUTO_INCREMENT for table `account_types`
--
ALTER TABLE `account_types`
  MODIFY `id` bigint(20) UNSIGNED NOT NULL AUTO_INCREMENT, AUTO_INCREMENT=8;

--
-- AUTO_INCREMENT for table `audit_trails`
--
ALTER TABLE `audit_trails`
  MODIFY `id` bigint(20) UNSIGNED NOT NULL AUTO_INCREMENT;

--
-- AUTO_INCREMENT for table `businessaccounts`
--
ALTER TABLE `businessaccounts`
  MODIFY `id` bigint(20) UNSIGNED NOT NULL AUTO_INCREMENT;

--
-- AUTO_INCREMENT for table `businesses`
--
ALTER TABLE `businesses`
  MODIFY `id` bigint(20) UNSIGNED NOT NULL AUTO_INCREMENT, AUTO_INCREMENT=40;

--
-- AUTO_INCREMENT for table `client_ledger`
--
ALTER TABLE `client_ledger`
  MODIFY `id` bigint(20) UNSIGNED NOT NULL AUTO_INCREMENT, AUTO_INCREMENT=158;

--
-- AUTO_INCREMENT for table `contact_us`
--
ALTER TABLE `contact_us`
  MODIFY `id` bigint(20) UNSIGNED NOT NULL AUTO_INCREMENT, AUTO_INCREMENT=3;

--
-- AUTO_INCREMENT for table `customers`
--
ALTER TABLE `customers`
  MODIFY `id` bigint(20) UNSIGNED NOT NULL AUTO_INCREMENT, AUTO_INCREMENT=12;

--
-- AUTO_INCREMENT for table `invoices`
--
ALTER TABLE `invoices`
  MODIFY `id` bigint(20) UNSIGNED NOT NULL AUTO_INCREMENT, AUTO_INCREMENT=72;

--
-- AUTO_INCREMENT for table `invoice_transactions`
--
ALTER TABLE `invoice_transactions`
  MODIFY `id` bigint(20) UNSIGNED NOT NULL AUTO_INCREMENT, AUTO_INCREMENT=71;

--
-- AUTO_INCREMENT for table `items`
--
ALTER TABLE `items`
  MODIFY `id` bigint(20) UNSIGNED NOT NULL AUTO_INCREMENT, AUTO_INCREMENT=4;

--
-- AUTO_INCREMENT for table `journals`
--
ALTER TABLE `journals`
  MODIFY `id` bigint(20) UNSIGNED NOT NULL AUTO_INCREMENT, AUTO_INCREMENT=178;

--
-- AUTO_INCREMENT for table `migrations`
--
ALTER TABLE `migrations`
  MODIFY `id` int(10) UNSIGNED NOT NULL AUTO_INCREMENT, AUTO_INCREMENT=26;

--
-- AUTO_INCREMENT for table `subscribers`
--
ALTER TABLE `subscribers`
  MODIFY `id` bigint(20) UNSIGNED NOT NULL AUTO_INCREMENT, AUTO_INCREMENT=49;

--
-- AUTO_INCREMENT for table `subscription_plans`
--
ALTER TABLE `subscription_plans`
  MODIFY `id` bigint(20) UNSIGNED NOT NULL AUTO_INCREMENT, AUTO_INCREMENT=3;

--
-- AUTO_INCREMENT for table `transactions`
--
ALTER TABLE `transactions`
  MODIFY `id` bigint(20) UNSIGNED NOT NULL AUTO_INCREMENT, AUTO_INCREMENT=87;

--
-- AUTO_INCREMENT for table `users`
--
ALTER TABLE `users`
  MODIFY `id` bigint(20) UNSIGNED NOT NULL AUTO_INCREMENT, AUTO_INCREMENT=58;

--
-- AUTO_INCREMENT for table `user_businesses`
--
ALTER TABLE `user_businesses`
  MODIFY `id` bigint(20) UNSIGNED NOT NULL AUTO_INCREMENT, AUTO_INCREMENT=43;
COMMIT;

/*!40101 SET CHARACTER_SET_CLIENT=@OLD_CHARACTER_SET_CLIENT */;
/*!40101 SET CHARACTER_SET_RESULTS=@OLD_CHARACTER_SET_RESULTS */;
/*!40101 SET COLLATION_CONNECTION=@OLD_COLLATION_CONNECTION */;
